frequency,v(vin)_re,v(vin)_im,v(vout)_re,v(vout)_im,i(input)_re,i(input)_im,i(r1)_re,i(r1)_im
10,1,0,0.9999605231408795,-0.006282937266758387,-0.00000003947685912062196,-0.000006282937266758387,0.000000039476859120535225,0.000006282937266758387
11.220184543019634,1,0,0.9999503020868659,-0.0070494995036281755,-0.00000004969791313419805,-0.000007049499503628175,0.00000004969791313413907,0.000007049499503628175
12.589254117941671,1,0,0.9999374348393342,-0.007909566755942099,-0.00000006256516066577116,-0.000007909566755942099,0.0000000625651606658284,0.000007909566755942099
14.12537544622754,1,0,0.9999212364052922,-0.008874536100789225,-0.00000007876359470779075,-0.000008874536100789224,0.00000007876359470782024,0.000008874536100789224
15.848931924611131,1,0,0.999900844531264,-0.009957190212550916,-0.0000000991554687359078,-0.000009957190212550915,0.00000009915546873595638,0.000009957190212550915
17.78279410038922,1,0,0.99987517386546,-0.011171864346477713,-0.00000012482613454011839,-0.000011171864346477713,0.00000012482613454001256,0.000011171864346477713
19.952623149688787,1,0,0.9998428582860953,-0.012534632838121408,-0.0000001571417139046953,-0.000012534632838121408,0.0000001571417139046849,0.000012534632838121408
22.387211385683383,1,0,0.9998021783520763,-0.01406351714612529,-0.0000001978216479237016,-0.00001406351714612529,0.0000001978216479237016,0.00001406351714612529
25.118864315095784,1,0,0.9997509700560017,-0.01577871756783714,-0.0000002490299439983617,-0.00001577871756783714,0.00000024902994399833564,0.00001577871756783714
28.183829312644516,1,0,0.9996865100890888,-0.01770287081202124,-0.00000031348991091115046,-0.00001770287081202124,0.00000031348991091117994,0.00001770287081202124
31.622776601683764,1,0,0.9996053716169977,-0.019861335590585935,-0.00000039462838300223166,-0.000019861335590585935,0.0000003946283830023045,0.000019861335590585935
35.48133892335751,1,0,0.9995032430587075,-0.02228250824825742,-0.0000004967569412924182,-0.000022282508248257423,0.0000004967569412924755,0.000022282508248257423
39.810717055349684,1,0,0.9993747004910181,-0.024998170123155146,-0.0000006252995089820433,-0.000024998170123155147,0.0000006252995089819357,0.000024998170123155147
44.66835921509626,1,0,0.9992129219907594,-0.02804386773339373,-0.0000007870780092407003,-0.00002804386773339373,0.0000007870780092406049,0.00002804386773339373
50.11872336272717,1,0,0.9990093293863226,-0.031459325889354905,-0.0000009906706136774118,-0.00003145932588935491,0.0000009906706136774135,0.00003145932588935491
56.23413251903484,1,0,0.9987531394216773,-0.03528889226117962,-0.000001246860578322682,-0.00003528889226117962,0.0000012468605783226838,0.00003528889226117962
63.09573444801924,1,0,0.9984308021389247,-0.03958200953903544,-0.0000015691978610752732,-0.00003958200953903544,0.0000015691978610753443,0.00003958200953903544
70.7945784384137,1,0,0.9980252992677398,-0.044393707766736186,-0.0000019747007322602674,-0.00004439370776673619,0.0000019747007322602484,0.00004439370776673618
79.43282347242804,1,0,0.9975152695106658,-0.049785104235400356,-0.0000024847304893342494,-0.00004978510423540036,0.000002484730489334175,0.00004978510423540035
89.12509381337442,1,0,0.9968739208393846,-0.05582389085057633,-0.0000031260791606153426,-0.000055823890850576335,0.0000031260791606153582,0.000055823890850576335
99.99999999999984,1,0,0.9960676824071726,-0.0625847782705716,-0.000003932317592827365,-0.0000625847782705716,0.000003932317592827416,0.0000625847782705716
112.20184543019616,1,0,0.995054540807711,-0.07014985121628123,-0.000004945459192288917,-0.00007014985121628123,0.000004945459192288948,0.00007014985121628123
125.8925411794165,1,0,0.9937819979329331,-0.07860876870528412,-0.000006218002067066896,-0.00007860876870528412,0.0000062180020670669075,0.00007860876870528412
141.25375446227517,1,0,0.992184582000358,-0.08805871473700433,-0.000007815417999642053,-0.00008805871473700433,0.000007815417999642028,0.00008805871473700433
158.48931924611105,1,0,0.9901808418263092,-0.09860396699144963,-0.000009819158173690829,-0.00009860396699144963,0.000009819158173690834,0.00009860396699144963
177.82794100389194,1,0,0.9876697610169543,-0.1103549010677224,-0.000012330238983045659,-0.00011035490106772241,0.000012330238983045749,0.0001103549010677224
199.52623149688756,1,0,0.984526549537567,-0.12342618358038784,-0.000015473450462432986,-0.00012342618358038784,0.00001547345046243298,0.00012342618358038784
223.8721138568335,1,0,0.9805978142707005,-0.1379338280416572,-0.000019402185729299522,-0.0001379338280416572,0.000019402185729299526,0.0001379338280416572
251.18864315095746,1,0,0.9756961908471388,-0.1539906945679596,-0.000024303809152861184,-0.0001539906945679596,0.000024303809152861235,0.0001539906945679596
281.83829312644474,1,0,0.9695946540587105,-0.1716999151993969,-0.000030405345941289562,-0.0001716999151993969,0.000030405345941289518,0.0001716999151993969
316.22776601683717,1,0,0.9620209357541627,-0.19114563799586934,-0.000037979064245837325,-0.00019114563799586934,0.000037979064245837305,0.00019114563799586934
354.8133892335746,1,0,0.9526527912746885,-0.21238043824993208,-0.00004734720872531155,-0.00021238043824993208,0.00004734720872531151,0.00021238043824993208
398.10717055349625,1,0,0.9411152867478175,-0.23540880144419152,-0.00005888471325218251,-0.00023540880144419152,0.000058884713252182475,0.00023540880144419152
446.68359215096194,1,0,0.9269818278368047,-0.26016632890737657,-0.00007301817216319526,-0.0002601663289073766,0.00007301817216319528,0.0002601663289073766
501.1872336272709,1,0,0.9097812664019553,-0.2864948755318493,-0.0000902187335980447,-0.0002864948755318493,0.00009021873359804467,0.0002864948755318493
562.3413251903476,1,0,0.8890139687692378,-0.31411483903567267,-0.00011098603123076221,-0.0003141148390356727,0.00011098603123076222,0.00031411483903567264
630.9573444801915,1,0,0.8641799400944494,-0.34259738941329254,-0.0001358200599055506,-0.00034259738941329256,0.00013582005990555058,0.00034259738941329256
707.9457843841359,1,0,0.8348215494852835,-0.37134152743838644,-0.00016517845051471644,-0.00037134152743838644,0.00016517845051471647,0.00037134152743838644
794.3282347242791,1,0,0.8005815582254369,-0.3995631700429462,-0.00019941844177456315,-0.0003995631700429462,0.00019941844177456315,0.0003995631700429462
891.2509381337428,1,0,0.7612735761181861,-0.4263051939894874,-0.00023872642388181385,-0.00042630519398948743,0.00023872642388181388,0.00042630519398948743
999.9999999999968,1,0,0.7169568003248992,-0.45047724336838807,-0.00028304319967510086,-0.00045047724336838807,0.00028304319967510086,0.00045047724336838807
1122.0184543019598,1,0,0.6680009623407721,-0.47093064951495195,-0.00033199903765922787,-0.00047093064951495196,0.00033199903765922787,0.00047093064951495196
1258.925411794163,1,0,0.6151231395586028,-0.48656619563854875,-0.0003848768604413972,-0.0004865661956385488,0.00038487686044139726,0.0004865661956385487
1412.5375446227495,1,0,0.5593786009437457,-0.49646166191354946,-0.0004406213990562543,-0.0004964616619135495,0.0004406213990562543,0.0004964616619135495
1584.893192461108,1,0,0.5020954917241734,-0.49999560889515215,-0.0004979045082758266,-0.0004999956088951521,0.0004979045082758266,0.0004999956088951521
1778.2794100389165,1,0,0.44475732025042464,-0.4969388758530427,-0.0005552426797495754,-0.0004969388758530427,0.0005552426797495753,0.0004969388758530427
1995.2623149688723,1,0,0.38885327011772397,-0.48748990188154295,-0.0006111467298822761,-0.00048748990188154294,0.0006111467298822761,0.00048748990188154294
2238.7211385683313,1,0,0.33572730506709936,-0.4722440912277063,-0.0006642726949329007,-0.0004722440912277063,0.0006642726949329007,0.0004722440912277063
2511.8864315095707,1,0,0.28645745837351116,-0.45210572094997786,-0.0007135425416264888,-0.0004521057209499779,0.0007135425416264888,0.00045210572094997784
2818.382931264443,1,0,0.24178638493931595,-0.4281655392453868,-0.000758213615060684,-0.00042816553924538683,0.0007582136150606841,0.00042816553924538683
3162.2776601683668,1,0,0.20210832286437935,-0.401572594549637,-0.0007978916771356207,-0.000401572594549637,0.0007978916771356206,0.000401572594549637
3548.1338923357403,1,0,0.16750311261194725,-0.3734244500260482,-0.0008324968873880527,-0.0003734244500260482,0.0008324968873880527,0.0003734244500260482
3981.071705534956,1,0,0.137799743998985,-0.3446896786281818,-0.000862200256001015,-0.00034468967862818177,0.000862200256001015,0.00034468967862818177
4466.8359215096125,1,0,0.11265092547072243,-0.3161656123953271,-0.0008873490745292776,-0.0003161656123953271,0.0008873490745292776,0.0003161656123953271
5011.872336272701,1,0,0.09160419896210832,-0.28846640999364,-0.0009083958010378917,-0.00028846640999364,0.0009083958010378916,0.00028846640999364
5623.4132519034665,1,0,0.07416102482736031,-0.26203275982959834,-0.0009258389751726397,-0.00026203275982959837,0.0009258389751726397,0.0002620327598295983
6309.573444801905,1,0,0.05982062976643399,-0.23715421569261894,-0.000940179370233566,-0.00023715421569261893,0.000940179370233566,0.00023715421569261893
7079.457843841347,1,0,0.04810912170923913,-0.21399680866219653,-0.0009518908782907609,-0.00021399680866219655,0.0009518908782907609,0.00021399680866219652
7943.282347242779,1,0,0.038596332387887226,-0.19263087892155545,-0.0009614036676121128,-0.00019263087892155544,0.0009614036676121128,0.00019263087892155544
8912.509381337413,1,0,0.030903473780679272,-0.17305620211066156,-0.0009690965262193207,-0.00017305620211066156,0.0009690965262193207,0.00017305620211066156
9999.999999999953,1,0,0.024704523031857873,-0.15522309613464833,-0.0009752954769681421,-0.00015522309613464833,0.0009752954769681421,0.00015522309613464833
11220.18454301958,1,0,0.01972371682572119,-0.1390492424297952,-0.000980276283174279,-0.00013904924242979518,0.000980276283174279,0.00013904924242979518
12589.254117941611,1,0,0.015730919399393046,-0.12443254226384207,-0.000984269080600607,-0.00012443254226384207,0.000984269080600607,0.00012443254226384207
14125.375446227474,1,0,0.012536072721536708,-0.11126059321366685,-0.0009874639272784633,-0.00011126059321366686,0.0009874639272784633,0.00011126059321366686
15848.931924611055,1,0,0.00998349712771304,-0.09941743766972666,-0.000990016502872287,-0.00009941743766972666,0.000990016502872287,0.00009941743766972666
17782.794100389136,1,0,0.007946490365064587,-0.0887881954763274,-0.0009920535096349355,-0.00008878819547632739,0.0009920535096349355,0.00008878819547632739
19952.62314968869,1,0,0.00632245488631576,-0.07926210601874177,-0.0009936775451136843,-0.00007926210601874177,0.0009936775451136843,0.00007926210601874177
22387.211385683277,1,0,0.005028643427752209,-0.07073440586467616,-0.0009949713565722477,-0.00007073440586467617,0.0009949713565722477,0.00007073440586467617
25118.864315095663,1,0,0.003998528935458725,-0.06310737438533649,-0.0009960014710645414,-0.0000631073743853365,0.0009960014710645414,0.0000631073743853365
28183.829312644382,1,0,0.0031787585926075098,-0.05629079930519226,-0.0009968212414073925,-0.00005629079930519226,0.0009968212414073925,0.00005629079930519226
31622.776601683614,1,0,0.00252662956360821,-0.050202048829271005,-0.0009974733704363919,-0.00005020204882927101,0.0009974733704363919,0.00005020204882927101
35481.33892335734,1,0,0.002008016679706798,-0.044765885992805024,-0.0009979919833202932,-0.000044765885992805024,0.0009979919833202932,0.000044765885992805024
39810.71705534949,1,0,0.0015956833494811858,-0.039914122113975825,-0.0009984043166505188,-0.00003991412211397582,0.0009984043166505188,0.00003991412211397582
44668.35921509604,1,0,0.0012679124505700734,-0.035585177371874416,-0.00099873208754943,-0.000035585177371874416,0.00099873208754943,0.000035585177371874416
50118.723362726916,1,0,0.0010074013625195578,-0.03172359539860436,-0.0009989925986374805,-0.000031723595398604356,0.0009989925986374805,0.000031723595398604356
56234.13251903455,1,0,0.0008003731784826016,-0.028279543512188584,-0.0009991996268215173,-0.000028279543512188585,0.0009991996268215173,0.000028279543512188585
63095.73444801892,1,0,0.0006358636861541784,-0.025208319331657333,-0.0009993641363138458,-0.000025208319331657335,0.0009993641363138458,0.000025208319331657332
70794.57843841333,1,0,0.0005051505425353932,-0.022469876845785546,-0.0009994948494574647,-0.000022469876845785546,0.0009994948494574645,0.000022469876845785546
79432.82347242763,1,0,0.0004012970315590357,-0.020028379671144084,-0.000999598702968441,-0.000020028379671144085,0.000999598702968441,0.000020028379671144085
89125.09381337395,1,0,0.000318787873985036,-0.017851785576698934,-0.000999681212126015,-0.000017851785576698933,0.000999681212126015,0.000017851785576698933
99999.99999999932,1,0,0.0002532388129651633,-0.01591146388830303,-0.0009997467611870348,-0.00001591146388830303,0.0009997467611870348,0.00001591146388830303
112201.84543019556,1,0,0.00020116521677026664,-0.014181845765831343,-0.0009997988347832298,-0.000014181845765831343,0.0009997988347832298,0.000014181845765831343
125892.54117941584,1,0,0.00015979782300102035,-0.012640106315090252,-0.000999840202176999,-0.000012640106315090252,0.000999840202176999,0.000012640106315090252
141253.75446227443,1,0,0.00012693609452621646,-0.01126587687462112,-0.0009998730639054739,-0.00001126587687462112,0.0009998730639054739,0.00001126587687462112
158489.31924611022,1,0,0.0001008315563144505,-0.010040985475126519,-0.0009998991684436855,-0.000010040985475126518,0.0009998991684436855,0.000010040985475126518
177827.941003891,1,0,0.00008009501315849633,-0.00894922331531421,-0.0009999199049868415,-0.00000894922331531421,0.0009999199049868415,0.00000894922331531421
199526.2314968865,1,0,0.00006362277848842568,-0.007976135068470386,-0.0009999363772215115,-0.000007976135068470387,0.0009999363772215117,0.000007976135068470387
223872.1138568323,1,0,0.00005053803063577432,-0.007108830884416492,-0.0009999494619693642,-0.000007108830884416492,0.0009999494619693642,0.000007108830884416492
251188.6431509561,1,0,0.000040144201930065605,-0.006335818050821614,-0.00099995985579807,-0.000006335818050821615,0.00099995985579807,0.000006335818050821614
281838.2931264432,1,0,0.00003188793633719129,-0.005646850405022914,-0.0009999681120636628,-0.000005646850405022914,0.0009999681120636628,0.000005646850405022914
316227.76601683546,1,0,0.000025329654302946033,-0.005032793728294348,-0.0009999746703456972,-0.000005032793728294349,0.0009999746703456972,0.000005032793728294349
354813.38923357264,1,0,0.000020120164406537575,-0.00448550549944171,-0.0009999798798355935,-0.00000448550549944171,0.0009999798798355935,0.00000448550549944171
398107.17055349407,1,0,0.00001598208081165073,-0.003997727527576593,-0.0009999840179191885,-0.000003997727527576593,0.0009999840179191883,0.000003997727527576593
446683.59215095954,1,0,0.000012695059767797698,-0.0035629901211279257,-0.0009999873049402323,-0.0000035629901211279258,0.0009999873049402323,0.0000035629901211279258
501187.23362726823,1,0,0.000010084070744737527,-0.003175526579365183,-0.0009999899159292554,-0.0000031755265793651833,0.0009999899159292551,0.0000031755265793651833
562341.3251903445,1,0,0.000008010078726474548,-0.0028301969127806892,-0.0009999919899212736,-0.0000028301969127806893,0.0009999919899212734,0.0000028301969127806893
630957.344480188,1,0,0.000006362642176919019,-0.002522419809172047,-0.000999993637357823,-0.000002522419809172047,0.000999993637357823,0.000002522419809172047
707945.7843841319,1,0,0.000005054032942361953,-0.002248111963206675,-0.0009999949459670577,-0.000002248111963206675,0.0009999949459670577,0.000002248111963206675
794328.2347242747,1,0,0.0000040145652383724005,-0.002003633978958819,-0.0009999959854347616,-0.000002003633978958819,0.0009999959854347616,0.000002003633978958819
891250.9381337379,1,0,0.000003188885151989177,-0.0017857421378801208,-0.000999996811114848,-0.0000017857421378801208,0.000999996811114848,0.0000017857421378801208
999999.9999999914,1,0,0.000002533023174835831,-0.0015915453994873746,-0.0009999974669768251,-0.0000015915453994873747,0.0009999974669768251,0.0000015915453994873747
1122018.4543019538,1,0,0.0000020120528752049392,-0.0014184670693562706,-0.0009999979879471248,-0.0000014184670693562707,0.0009999979879471248,0.0000014184670693562707
1258925.4117941563,1,0,0.0000015982310699173781,-0.0012642106294343618,-0.0009999984017689302,-0.000001264210629434362,0.00099999840176893,0.000001264210629434362
1412537.5446227419,1,0,0.0000012695204817543253,-0.0011267292798503425,-0.0009999987304795182,-0.0000011267292798503425,0.0009999987304795182,0.0000011267292798503425
1584893.1924610995,1,0,0.000001008416226520266,-0.001004198789890219,-0.0009999989915837734,-0.000001004198789890219,0.0009999989915837734,0.000001004198789890219
1778279.4100389068,1,0,0.0000008010136472115938,-0.0008949932991864972,-0.000999999198986353,-0.0000008949932991864971,0.000999999198986353,0.0000008949932991864971
1995262.3149688616,1,0,0.0000006362678612021594,-0.0007976637489352066,-0.000999999363732139,-0.0000007976637489352066,0.000999999363732139,0.0000007976637489352066
2238721.1385683194,1,0,0.000000505405593139061,-0.0007109186575862582,-0.0009999994945944068,-0.0000007109186575862581,0.0009999994945944068,0.0000007109186575862581
2511886.431509557,1,0,0.00000040145797434854607,-0.0006336069863724996,-0.0009999995985420257,-0.0000006336069863724997,0.0009999995985420257,0.0000006336069863724997
2818382.931264428,1,0,0.0000003188894304105108,-0.0005647028676392939,-0.0009999996811105695,-0.0000005647028676392939,0.0009999996811105695,0.0000005647028676392939
3162277.66016835,1,0,0.0000002533028949434762,-0.0005032919935595236,-0.000999999746697105,-0.0000005032919935595236,0.000999999746697105,0.0000005032919935595236
3548133.8923357218,1,0,0.0000002012056518732635,-0.00044855948478384573,-0.000999999798794348,-0.00000044855948478384574,0.000999999798794348,0.00000044855948478384574
3981071.7055349355,1,0,0.00000015982333688289846,-0.00039977907816617845,-0.0009999998401766632,-0.0000003997790781661785,0.0009999998401766632,0.00000039977907816617843
4466835.921509589,1,0,0.00000012695219322700123,-0.0003563034901739553,-0.0009999998730478067,-0.0000003563034901739553,0.000999999873047807,0.0000003563034901739553
5011872.336272676,1,0,0.00000010084171417340552,-0.0003175558281694011,-0.000999999899158286,-0.0000003175558281694011,0.0009999998991582857,0.0000003175558281694011
5623413.251903437,1,0,0.00000008010142246725877,-0.00028302193563577524,-0.0009999999198985776,-0.00000028302193563577523,0.0009999999198985776,0.00000028302193563577523
6309573.444801872,1,0,0.0000000636268225555481,-0.00025224356980342545,-0.0009999999363731775,-0.00000025224356980342543,0.0009999999363731775,0.00000025224356980342543
7079457.843841311,1,0,0.00000005054058230304983,-0.00022481232116745595,-0.0009999999494594177,-0.00000022481232116745597,0.0009999999494594177,0.00000022481232116745597
7943282.347242737,1,0,0.00000004014581194002536,-0.00020036419422725992,-0.000999999959854188,-0.00000020036419422725991,0.000999999959854188,0.00000020036419422725991
8912509.381337367,1,0,0.00000003188895219319596,-0.0001785747775479244,-0.0009999999681110478,-0.00000017857477754792442,0.0009999999681110478,0.0000001785747775479244
9999999.9999999,1,0,0.000000025330295268961072,-0.0001591549390604552,-0.0009999999746697047,-0.00000015915493906045522,0.0009999999746697047,0.00000015915493906045522
