time,v(vin),v(vout),i(input),i(r1)
0,0,0,0,0
0.00000000012500000000000003,0.00025000000000000006,0.0000000003124996093754884,-0.0000002499996875003907,0.0000002499996875003907
0.0000000003750000000000001,0.0007500000000000002,0.000000001562497265629395,-0.0000007499984375027347,0.0000007499984375027347
0.0000000008750000000000002,0.0017500000000000005,0.000000007812473828201664,-0.0000017499921875261723,0.0000017499921875261723
0.0000000018750000000000002,0.0037500000000000007,0.00000003531225820454152,-0.000003749964687741796,0.0000037499646877417963
0.000000003875000000000001,0.007750000000000002,0.00000015031040197793974,-0.000007749849689598024,0.000007749849689598024
0.000000007875000000000003,0.015750000000000007,0.0000006202949898701031,-0.000015749379705010135,0.000015749379705010138
0.000000015875000000000005,0.031750000000000014,0.0000025201693712956577,-0.000031747479830628714,0.00003174747983062872
0.00000003187500000000001,0.06375000000000003,0.00001015915502534393,-0.00006373984084497468,0.00006373984084497468
0.00000006387500000000002,0.12775000000000006,0.00004079100300005988,-0.000127709208997,0.000127709208997
0.00000012787500000000003,0.2557500000000001,0.0001634456472719729,-0.0002555865543527281,0.0002555865543527281
0.00000025587500000000006,0.5117500000000001,0.0006541224037193388,-0.0005110958775962808,0.0005110958775962808
0.0000005,1,0.0024955576692302943,-0.0009975044423307696,0.0009975044423307696
0.000000548825,1,0.002982351536092797,-0.0009970176484639074,0.0009970176484639071
0.000000646475,1,0.0039554641475852415,-0.000996044535852415,0.0009960445358524147
0.000000841775,1,0.005898841418200252,-0.0009941011585817997,0.0009941011585817997
0.0000012323749999999998,1,0.009774231905998094,-0.000990225768094002,0.0009902257680940018
0.0000017323749999999999,1,0.014713013791753712,-0.0009852869862082463,0.0009852869862082463
0.000002232375,1,0.01962716334890207,-0.000980372836651098,0.000980372836651098
0.0000027323750000000002,1,0.02451680343194994,-0.0009754831965680501,0.00097548319656805
0.0000032323750000000005,1,0.029382056282663414,-0.0009706179437173366,0.0009706179437173366
0.000003732375000000001,1,0.03422304353312395,-0.0009657769564668761,0.000965776956466876
0.000004232375000000001,1,0.03903988620876921,-0.0009609601137912308,0.0009609601137912308
0.0000047323750000000014,1,0.04383270473141874,-0.0009561672952685812,0.0009561672952685812
0.000005232375000000002,1,0.048601618922284484,-0.0009513983810777155,0.0009513983810777156
0.000005732375000000002,1,0.05334674800496637,-0.0009466532519950337,0.0009466532519950336
0.000006232375000000002,1,0.05806821060843287,-0.0009419317893915671,0.0009419317893915671
0.000006732375000000003,1,0.06276612476998682,-0.0009372338752300132,0.0009372338752300132
0.000007232375000000003,1,0.06744060793821631,-0.0009325593920617838,0.0009325593920617838
0.000007732375000000002,1,0.07209177697593094,-0.0009279082230240691,0.000927908223024069
0.000008232375000000003,1,0.07671974816308341,-0.0009232802518369166,0.0009232802518369165
0.000008732375000000003,1,0.08132463719967652,-0.0009186753628003235,0.0009186753628003235
0.000009232375000000003,1,0.08590655920865568,-0.0009140934407913443,0.0009140934407913443
0.000009732375000000004,1,0.09046562873878705,-0.000909534371261213,0.000909534371261213
0.000010232375000000004,1,0.09500195976752127,-0.0009049980402324788,0.0009049980402324788
0.000010732375000000004,1,0.09951566570384286,-0.0009004843342961572,0.0009004843342961572
0.000011232375000000004,1,0.1040068593911055,-0.0008959931406088945,0.0008959931406088944
0.000011732375000000005,1,0.10847565310985312,-0.0008915243468901469,0.0008915243468901469
0.000012232375000000005,1,0.11292215858062692,-0.0008870778414193731,0.0008870778414193731
0.000012732375000000005,1,0.11734648696675844,-0.0008826535130332416,0.0008826535130332416
0.000013232375000000006,1,0.12174874887714865,-0.0008782512511228514,0.0008782512511228513
0.000013732375000000006,1,0.12612905436903318,-0.0008738709456309669,0.0008738709456309668
0.000014232375000000006,1,0.13048751295073377,-0.0008695124870492663,0.0008695124870492662
0.000014732375000000006,1,0.13482423358439594,-0.0008651757664156041,0.0008651757664156041
0.000015232375000000007,1,0.13913932468871315,-0.0008608606753112869,0.0008608606753112869
0.000015732375000000007,1,0.14343289414163726,-0.0008565671058583628,0.0008565671058583627
0.000016232375000000006,1,0.14770504928307546,-0.0008522949507169245,0.0008522949507169245
0.000016732375000000004,1,0.1519558969175738,-0.0008480441030824262,0.0008480441030824262
0.000017232375000000003,1,0.15618554331698736,-0.0008438144566830126,0.0008438144566830126
0.000017732375,1,0.16039409422313702,-0.000839605905776863,0.000839605905776863
0.000018232375,1,0.16458165485045306,-0.000835418345149547,0.000835418345149547
0.000018732375,1,0.16874832988860544,-0.0008312516701113946,0.0008312516701113945
0.000019232374999999997,1,0.1728942235051211,-0.0008271057764948789,0.0008271057764948789
0.000019732374999999996,1,0.17701943934798828,-0.0008229805606520118,0.0008229805606520118
0.000020232374999999994,1,0.18112408054824766,-0.0008188759194517523,0.0008188759194517523
0.000020732374999999993,1,0.1852082497225706,-0.0008147917502774294,0.0008147917502774293
0.00002123237499999999,1,0.1892720489758246,-0.0008107279510241754,0.0008107279510241753
0.00002173237499999999,1,0.19331557990362597,-0.000806684420096374,0.0008066844200963741
0.00002223237499999999,1,0.1973389435948797,-0.0008026610564051204,0.0008026610564051204
0.000022732374999999987,1,0.20134224063430675,-0.0007986577593656933,0.0007986577593656933
0.000023232374999999986,1,0.2053255711049586,-0.0007946744288950414,0.0007946744288950413
0.000023732374999999985,1,0.2092890345907194,-0.0007907109654092806,0.0007907109654092805
0.000024232374999999983,1,0.2132327301787956,-0.0007867672698212044,0.0007867672698212044
0.000024732374999999982,1,0.21715675646219312,-0.0007828432435378069,0.0007828432435378069
0.00002523237499999998,1,0.2210612115421822,-0.0007789387884578178,0.0007789387884578179
0.00002573237499999998,1,0.22494619303074986,-0.0007750538069692502,0.00077505380696925
0.000026232374999999978,1,0.22881179805304036,-0.0007711882019469597,0.0007711882019469596
0.000026732374999999976,1,0.23265812324978327,-0.0007673418767502167,0.0007673418767502167
0.000027232374999999975,1,0.23648526477970952,-0.0007635147352202905,0.0007635147352202904
0.000027732374999999973,1,0.24029331832195536,-0.0007597066816780447,0.0007597066816780447
0.000028232374999999972,1,0.24408237907845431,-0.0007559176209215457,0.0007559176209215457
0.00002873237499999997,1,0.24785254177631735,-0.0007521474582236826,0.0007521474582236826
0.00002923237499999997,1,0.251603900670201,-0.0007483960993297991,0.000748396099329799
0.000029732374999999968,1,0.2553365495446638,-0.0007446634504553362,0.0007446634504553362
0.000030232374999999966,1,0.25905058171651085,-0.0007409494182834891,0.0007409494182834892
0.00003073237499999997,1,0.2627460900371268,-0.0007372539099628733,0.0007372539099628732
0.00003123237499999997,1,0.266423166894797,-0.000733576833105203,0.0007335768331052031
0.000031732374999999966,1,0.2700819042170175,-0.0007299180957829825,0.0007299180957829825
0.000032232374999999964,1,0.273722393472793,-0.000726277606527207,0.0007262776065272069
0.00003273237499999996,1,0.2773447256749237,-0.0007226552743250763,0.0007226552743250762
0.00003323237499999996,1,0.2809489913822807,-0.0007190510086177193,0.0007190510086177193
0.00003373237499999996,1,0.2845352807020698,-0.0007154647192979302,0.0007154647192979302
0.00003423237499999996,1,0.2881036832920844,-0.0007118963167079156,0.0007118963167079155
0.00003473237499999996,1,0.2916542883629468,-0.0007083457116370532,0.0007083457116370532
0.000035232374999999956,1,0.29518718468033855,-0.0007048128153196615,0.0007048128153196615
0.000035732374999999954,1,0.2987024605672196,-0.0007012975394327804,0.0007012975394327804
0.00003623237499999995,1,0.3022002039060364,-0.0006977997960939636,0.0006977997960939636
0.00003673237499999995,1,0.305680502140919,-0.000694319497859081,0.000694319497859081
0.00003723237499999995,1,0.30914344227986706,-0.000690856557720133,0.0006908565577201329
0.00003773237499999995,1,0.312589110896925,-0.0006874108891030751,0.000687410889103075
0.00003823237499999995,1,0.3160175941343467,-0.0006839824058656532,0.0006839824058656533
0.000038732374999999946,1,0.31942897770474893,-0.0006805710222952511,0.000680571022295251
0.000039232374999999945,1,0.32282334689325387,-0.0006771766531067461,0.0006771766531067461
0.00003973237499999994,1,0.32620078655962165,-0.0006737992134403783,0.0006737992134403783
0.00004023237499999994,1,0.32956138114037165,-0.0006704386188596283,0.0006704386188596283
0.00004073237499999994,1,0.3329052146508935,-0.0006670947853491065,0.0006670947853491065
0.00004123237499999994,1,0.3362323706875474,-0.0006637676293124526,0.0006637676293124526
0.00004173237499999994,1,0.33954293242975414,-0.0006604570675702459,0.0006604570675702459
0.000042232374999999936,1,0.34283698264207463,-0.0006571630173579253,0.0006571630173579254
0.000042732374999999935,1,0.3461146036762788,-0.0006538853963237212,0.0006538853963237212
0.000043232374999999934,1,0.34937587747340454,-0.0006506241225265955,0.0006506241225265954
0.00004373237499999993,1,0.3526208855658065,-0.0006473791144341935,0.0006473791144341935
0.00004423237499999993,1,0.35584970907919394,-0.0006441502909208061,0.0006441502909208061
0.00004473237499999993,1,0.3590624287346592,-0.0006409375712653409,0.0006409375712653408
0.00004523237499999993,1,0.3622591248506957,-0.0006377408751493043,0.0006377408751493043
0.000045732374999999927,1,0.3654398773452059,-0.0006345601226547941,0.0006345601226547941
0.000046232374999999925,1,0.36860476573749906,-0.000631395234262501,0.0006313952342625009
0.000046732374999999924,1,0.3717538691502796,-0.0006282461308497204,0.0006282461308497204
0.00004723237499999992,1,0.3748872663116248,-0.0006251127336883752,0.0006251127336883753
0.00004773237499999992,1,0.37800503555695325,-0.0006219949644430468,0.0006219949644430466
0.00004823237499999992,1,0.3811072548309834,-0.0006188927451690166,0.0006188927451690166
0.00004873237499999992,1,0.38419400168968176,-0.0006158059983103182,0.0006158059983103183
0.00004923237499999992,1,0.387265353302202,-0.0006127346466977979,0.0006127346466977979
0.000049732374999999915,1,0.39032138645281445,-0.0006096786135471855,0.0006096786135471856
0.000050232374999999914,1,0.3933621775428253,-0.0006066378224571747,0.0006066378224571747
0.00005073237499999991,1,0.396387802592487,-0.000603612197407513,0.0006036121974075131
0.00005123237499999991,1,0.3993983372428985,-0.0006006016627571015,0.0006006016627571015
0.00005173237499999991,1,0.40239385675789646,-0.0005976061432421036,0.0005976061432421036
0.00005223237499999991,1,0.4053744360259368,-0.0005946255639740632,0.0005946255639740632
0.00005273237499999991,1,0.40834014956196696,-0.0005916598504380331,0.0005916598504380331
0.000053232374999999906,1,0.41129107150928873,-0.0005887089284907113,0.0005887089284907113
0.000053732374999999904,1,0.41422727564141193,-0.0005857727243585881,0.0005857727243585881
0.0000542323749999999,1,0.41714883536389863,-0.0005828511646361013,0.0005828511646361014
0.0000547323749999999,1,0.4200558237161984,-0.0005799441762838016,0.0005799441762838016
0.0000552323749999999,1,0.42294831337347416,-0.0005770516866265259,0.0005770516866265258
0.0000557323749999999,1,0.42582637664841944,-0.0005741736233515805,0.0005741736233515806
0.0000562323749999999,1,0.4286900854930657,-0.0005713099145069343,0.0005713099145069343
0.000056732374999999896,1,0.4315395115005815,-0.0005684604884994184,0.0005684604884994184
0.000057232374999999894,1,0.4343747259070624,-0.0005656252740929376,0.0005656252740929376
0.00005773237499999989,1,0.43719579959331145,-0.0005628042004066885,0.0005628042004066885
0.00005823237499999989,1,0.44000280308661166,-0.0005599971969133884,0.0005599971969133884
0.00005873237499999989,1,0.44279580656248896,-0.0005572041934375111,0.0005572041934375111
0.00005923237499999989,1,0.4455748798464666,-0.0005544251201535335,0.0005544251201535334
0.00005973237499999989,1,0.4483400924158109,-0.0005516599075841891,0.000551659907584189
0.000060232374999999886,1,0.4510915134012682,-0.0005489084865987319,0.0005489084865987318
0.000060732374999999885,1,0.453829211588793,-0.000546170788411207,0.000546170788411207
0.00006123237499999988,1,0.45655325542126785,-0.0005434467445787322,0.0005434467445787321
0.00006173237499999988,1,0.459263713000214,-0.000540736286999786,0.000540736286999786
0.00006223237499999988,1,0.4619606520874946,-0.0005380393479125054,0.0005380393479125054
0.00006273237499999988,1,0.46464414010700833,-0.0005353558598929916,0.0005353558598929917
0.00006323237499999988,1,0.4673142441463749,-0.0005326857558536251,0.0005326857558536251
0.00006373237499999988,1,0.46997103095861237,-0.0005300289690413876,0.0005300289690413876
0.00006423237499999987,1,0.47261456696380627,-0.0005273854330361937,0.0005273854330361938
0.00006473237499999987,1,0.47524491825076975,-0.0005247550817492302,0.0005247550817492302
0.00006523237499999987,1,0.477862150578696,-0.000522137849421304,0.000522137849421304
0.00006573237499999987,1,0.4804663293788023,-0.0005195336706211977,0.0005195336706211977
0.00006623237499999987,1,0.4830575197559654,-0.0005169424802440347,0.0005169424802440346
0.00006673237499999987,1,0.48563578649034955,-0.0005143642135096505,0.0005143642135096504
0.00006723237499999987,1,0.48820119403902607,-0.0005117988059609739,0.0005117988059609739
0.00006773237499999986,1,0.4907538065375845,-0.0005092461934624156,0.0005092461934624156
0.00006823237499999986,1,0.49329368780173616,-0.0005067063121982639,0.0005067063121982638
0.00006873237499999986,1,0.49582090132890955,-0.0005041790986710905,0.0005041790986710905
0.00006923237499999986,1,0.4983355102998377,-0.0005016644897001623,0.0005016644897001623
0.00006973237499999986,1,0.5008375775801378,-0.0004991624224198622,0.0004991624224198622
0.00007023237499999986,1,0.5033271657218827,-0.0004966728342781173,0.0004966728342781173
0.00007073237499999986,1,0.505804336965165,-0.0004941956630348349,0.0004941956630348349
0.00007123237499999986,1,0.5082691532396528,-0.0004917308467603472,0.0004917308467603472
0.00007173237499999985,1,0.5107216761661383,-0.0004892783238338617,0.0004892783238338617
0.00007223237499999985,1,0.5131619670580777,-0.00048683803294192226,0.0004868380329419223
0.00007273237499999985,1,0.5155900869231246,-0.0004844099130768754,0.00048440991307687544
0.00007323237499999985,1,0.5180060964646551,-0.00048199390353534485,0.00048199390353534485
0.00007373237499999985,1,0.5204100560832854,-0.00047958994391671464,0.0004795899439167146
0.00007423237499999985,1,0.5228020258783813,-0.0004771979741216187,0.00047719797412161866
0.00007473237499999985,1,0.5251820656495615,-0.0004748179343504385,0.0004748179343504385
0.00007523237499999984,1,0.5275502348981921,-0.000472449765101808,0.0004724497651018079
0.00007573237499999984,1,0.5299065928288744,-0.0004700934071711256,0.0004700934071711256
0.00007623237499999984,1,0.5322511983509249,-0.00046774880164907507,0.00046774880164907507
0.00007673237499999984,1,0.534584110079848,-0.00046541588992015206,0.00046541588992015206
0.00007723237499999984,1,0.5369053863388012,-0.00046309461366119873,0.00046309461366119873
0.00007773237499999984,1,0.539215085160054,-0.000460784914839946,0.000460784914839946
0.00007823237499999984,1,0.5415132642864378,-0.00045848673571356226,0.00045848673571356226
0.00007873237499999983,1,0.5437999811727897,-0.00045620001882721033,0.0004562000188272103
0.00007923237499999983,1,0.5460752929873893,-0.00045392470701261065,0.00045392470701261065
0.00007973237499999983,1,0.5483392566133874,-0.00045166074338661257,0.00045166074338661257
0.00008023237499999983,1,0.5505919286502284,-0.00044940807134977157,0.00044940807134977157
0.00008073237499999983,1,0.5528333654150652,-0.00044716663458493477,0.00044716663458493477
0.00008123237499999983,1,0.5550636229441671,-0.0004449363770558329,0.0004449363770558329
0.00008173237499999983,1,0.5572827569943208,-0.0004427172430056792,0.0004427172430056792
0.00008223237499999982,1,0.5594908230442245,-0.0004405091769557755,0.0004405091769557755
0.00008273237499999982,1,0.5616878762958742,-0.0004383121237041258,0.0004383121237041258
0.00008323237499999982,1,0.5638739716759447,-0.00043612602832405535,0.00043612602832405535
0.00008373237499999982,1,0.5660491638371619,-0.0004339508361628382,0.00043395083616283814
0.00008423237499999982,1,0.5682135071596698,-0.00043178649284033026,0.0004317864928403302
0.00008473237499999982,1,0.5703670557523897,-0.00042963294424761033,0.00042963294424761033
0.00008523237499999982,1,0.5725098634543727,-0.00042749013654562733,0.0004274901365456273
0.00008573237499999981,1,0.5746419838361464,-0.0004253580161638536,0.0004253580161638536
0.00008623237499999981,1,0.5767634702010533,-0.0004232365297989467,0.00042323652979894664
0.00008673237499999981,1,0.5788743755865841,-0.000421125624413416,0.00042112562441341594
0.00008723237499999981,1,0.5809747527657032,-0.0004190252472342968,0.0004190252472342968
0.00008773237499999981,1,0.5830646542481684,-0.0004169353457518316,0.0004169353457518316
0.00008823237499999981,1,0.5851441322818434,-0.00041485586771815666,0.00041485586771815666
0.0000887323749999998,1,0.5872132388540037,-0.00041278676114599633,0.00041278676114599633
0.0000892323749999998,1,0.589272025692637,-0.0004107279743073629,0.000410727974307363
0.0000897323749999998,1,0.5913205442677362,-0.0004086794557322639,0.00040867945573226384
0.0000902323749999998,1,0.5933588457925854,-0.00040664115420741464,0.00040664115420741464
0.0000907323749999998,1,0.5953869812250412,-0.00040461301877495887,0.0004046130187749588
0.0000912323749999998,1,0.5974050012688065,-0.0004025949987311935,0.00040259499873119355
0.0000917323749999998,1,0.5994129563746976,-0.00040058704362530236,0.0004005870436253024
0.0000922323749999998,1,0.6014108967419061,-0.0003985891032580939,0.00039858910325809394
0.0000927323749999998,1,0.6033988723192532,-0.00039660112768074684,0.00039660112768074684
0.0000932323749999998,1,0.6053769328064388,-0.00039462306719356124,0.00039462306719356124
0.00009373237499999979,1,0.6073451276552844,-0.00039265487234471565,0.00039265487234471565
0.00009423237499999979,1,0.6093035060709687,-0.0003906964939290313,0.00039069649392903125
0.00009473237499999979,1,0.6112521170132581,-0.00038874788298674193,0.0003887478829867419
0.00009523237499999979,1,0.6131910091977305,-0.00038680899080226953,0.0003868089908022695
0.00009573237499999979,1,0.6151202310969935,-0.00038487976890300645,0.00038487976890300645
0.00009623237499999979,1,0.6170398309418962,-0.0003829601690581038,0.00038296016905810384
0.00009673237499999978,1,0.6189498567227345,-0.00038105014327726545,0.0003810501432772655
0.00009723237499999978,1,0.6208503561904515,-0.0003791496438095485,0.00037914964380954854
0.00009773237499999978,1,0.6227413768578308,-0.00037725862314216916,0.00037725862314216916
0.00009823237499999978,1,0.6246229660006846,-0.0003753770339993155,0.00037537703399931544
0.00009873237499999978,1,0.6264951706590353,-0.0003735048293409647,0.00037350482934096475
0.00009923237499999978,1,0.6283580376382919,-0.00037164196236170815,0.0003716419623617081
0.00009973237499999978,1,0.6302116135104201,-0.00036978838648957994,0.0003697883864895799
0.00010023237499999977,1,0.6320559446151064,-0.00036794405538489365,0.0003679440553848936
0.00010073237499999977,1,0.6338910770609164,-0.00036610892293908364,0.0003661089229390836
0.00010123237499999977,1,0.635717056726448,-0.0003642829432735521,0.00036428294327355205
0.00010173237499999977,1,0.637533929261478,-0.000362466070738522,0.000362466070738522
0.00010223237499999977,1,0.6393417400881038,-0.0003606582599118962,0.0003606582599118961
0.00010273237499999977,1,0.6411405344018787,-0.00035885946559812136,0.0003588594655981213
0.00010323237499999977,1,0.6429303571729416,-0.0003570696428270584,0.00035706964282705846
0.00010373237499999976,1,0.6447112531471414,-0.0003552887468528586,0.00035528874685285863
0.00010423237499999976,1,0.6464832668471556,-0.00035351673315284443,0.0003535167331528444
0.00010473237499999976,1,0.6482464425736036,-0.0003517535574263964,0.00035175355742639633
0.00010523237499999976,1,0.6500008244061541,-0.0003499991755938458,0.00034999917559384587
0.00010573237499999976,1,0.651746456204627,-0.00034825354379537296,0.00034825354379537296
0.00010623237499999976,1,0.65348338161009,-0.00034651661838990997,0.00034651661838990997
0.00010673237499999976,1,0.6552116440459497,-0.00034478835595405037,0.0003447883559540503
0.00010723237499999975,1,0.656931286719037,-0.000343068713280963,0.000343068713280963
0.00010773237499999975,1,0.6586423526206875,-0.0003413576473793125,0.0003413576473793125
0.00010823237499999975,1,0.6603448845278161,-0.0003396551154721839,0.00033965511547218386
0.00010873237499999975,1,0.6620389250039865,-0.0003379610749960134,0.0003379610749960135
0.00010923237499999975,1,0.6637245164004753,-0.0003362754835995247,0.00033627548359952477
0.00010973237499999975,1,0.6654017008573307,-0.00033459829914266926,0.00033459829914266926
0.00011023237499999975,1,0.6670705203044264,-0.00033292947969557367,0.0003329294796955736
0.00011073237499999974,1,0.6687310164625091,-0.00033126898353749094,0.0003312689835374909
0.00011123237499999974,1,0.6703832308442422,-0.00032961676915575777,0.00032961676915575777
0.00011173237499999974,1,0.6720272047552435,-0.0003279727952447565,0.00032797279524475654
0.00011223237499999974,1,0.6736629792951175,-0.0003263370207048825,0.0003263370207048825
0.00011273237499999974,1,0.6752905953584836,-0.00032470940464151643,0.00032470940464151643
0.00011323237499999974,1,0.6769100936359974,-0.00032308990636400255,0.0003230899063640026
0.00011373237499999974,1,0.6785215146153689,-0.0003214784853846311,0.0003214784853846311
0.00011423237499999973,1,0.6801248985823746,-0.00031987510141762545,0.00031987510141762545
0.00011473237499999973,1,0.681720285621864,-0.00031827971437813594,0.00031827971437813594
0.00011523237499999973,1,0.6833077156187626,-0.00031669228438123745,0.0003166922843812374
0.00011573237499999973,1,0.6848872282590681,-0.0003151127717409319,0.0003151127717409319
0.00011623237499999973,1,0.6864588630308432,-0.0003135411369691568,0.00031354113696915675
0.00011673237499999973,1,0.6880226592252031,-0.0003119773407747969,0.0003119773407747969
0.00011723237499999973,1,0.689578655937297,-0.0003104213440627031,0.00031042134406270304
0.00011773237499999973,1,0.6911268920672855,-0.0003088731079327145,0.0003088731079327145
0.00011823237499999972,1,0.692667406321314,-0.0003073325936786861,0.000307332593678686
0.00011873237499999972,1,0.6942002372124795,-0.0003057997627875206,0.00030579976278752053
0.00011923237499999972,1,0.6957254230617939,-0.0003042745769382062,0.00030427457693820613
0.00011973237499999972,1,0.6972430019991415,-0.00030275699800085855,0.00030275699800085855
0.00012023237499999972,1,0.6987530119642329,-0.00030124698803576716,0.0003012469880357671
0.00012073237499999972,1,0.7002554907075533,-0.00029974450929244666,0.00029974450929244666
0.00012123237499999972,1,0.7017504757913061,-0.0002982495242086939,0.00029824952420869386
0.00012173237499999971,1,0.703238004590352,-0.00029676199540964803,0.000296761995409648
0.00012223237499999973,1,0.7047181142931432,-0.0002952818857068568,0.00029528188570685676
0.00012273237499999974,1,0.7061908419026536,-0.00029380915809734643,0.00029380915809734643
0.00012323237499999975,1,0.7076562242373036,-0.0002923437757626964,0.0002923437757626964
0.00012373237499999976,1,0.7091142979318806,-0.0002908857020681194,0.00029088570206811936
0.00012423237499999977,1,0.7105650994384548,-0.00028943490056154524,0.0002894349005615452
0.0001247323749999998,1,0.7120086650272904,-0.00028799133497270954,0.0002879913349727096
0.0001252323749999998,1,0.7134450307877528,-0.0002865549692122472,0.0002865549692122472
0.0001257323749999998,1,0.7148742326292102,-0.00028512576737078975,0.00028512576737078975
0.00012623237499999982,1,0.7162963062819323,-0.00028370369371806775,0.0002837036937180677
0.00012673237499999984,1,0.7177112872979824,-0.00028228871270201763,0.00028228871270201763
0.00012723237499999985,1,0.7191192110521071,-0.00028088078894789297,0.0002808807889478929
0.00012773237499999986,1,0.7205201127426203,-0.00027947988725737967,0.0002794798872573797
0.00012823237499999987,1,0.7219140273922832,-0.0002780859726077169,0.0002780859726077168
0.00012873237499999988,1,0.7233009898491796,-0.00027669901015082044,0.00027669901015082044
0.0001292323749999999,1,0.7246810347875876,-0.00027531896521241237,0.00027531896521241237
0.0001297323749999999,1,0.7260541967088466,-0.00027394580329115337,0.00027394580329115337
0.00013023237499999992,1,0.7274205099422191,-0.00027257949005778093,0.00027257949005778093
0.00013073237499999993,1,0.7287800086457491,-0.0002712199913542509,0.0002712199913542509
0.00013123237499999994,1,0.7301327268071168,-0.00026986727319288316,0.00026986727319288316
0.00013173237499999996,1,0.7314786982444877,-0.00026852130175551226,0.00026852130175551226
0.00013223237499999997,1,0.7328179566073579,-0.00026718204339264205,0.00026718204339264205
0.00013273237499999998,1,0.7341505353773958,-0.00026584946462260414,0.0002658494646226042
0.000133232375,1,0.7354764678692792,-0.0002645235321307208,0.0002645235321307208
0.000133732375,1,0.7367957872315274,-0.0002632042127684726,0.0002632042127684726
0.00013423237500000002,1,0.7381085264473302,-0.00026189147355266983,0.00026189147355266983
0.00013473237500000003,1,0.7394147183353732,-0.00026058528166462676,0.0002605852816646268
0.00013523237500000004,1,0.7407143955506581,-0.00025928560444934187,0.0002592856044493419
0.00013573237500000005,1,0.7420075905853182,-0.0002579924094146818,0.0002579924094146818
0.00013623237500000007,1,0.7432943357694312,-0.00025670566423056885,0.00025670566423056885
0.00013673237500000008,1,0.7445746632718279,-0.00025542533672817213,0.00025542533672817213
0.0001372323750000001,1,0.745848605100896,-0.00025415139489910396,0.00025415139489910396
0.0001377323750000001,1,0.7471161931053804,-0.00025288380689461967,0.00025288380689461967
0.00013823237500000011,1,0.748377458975179,-0.00025162254102482093,0.00025162254102482093
0.00013873237500000013,1,0.7496324342421359,-0.0002503675657578641,0.0002503675657578641
0.00013923237500000014,1,0.7508811502808286,-0.00024911884971917143,0.00024911884971917143
0.00013973237500000015,1,0.7521236383093531,-0.0002478763616906469,0.00024787636169064684
0.00014023237500000016,1,0.7533599293901045,-0.00024664007060989544,0.00024664007060989544
0.00014073237500000018,1,0.7545900544305529,-0.0002454099455694471,0.00024540994556944705
0.0001412323750000002,1,0.7558140441840164,-0.0002441859558159836,0.00024418595581598355
0.0001417323750000002,1,0.7570319292504303,-0.0002429680707495697,0.00024296807074956973
0.0001422323750000002,1,0.7582437400771114,-0.00024175625992288864,0.00024175625992288864
0.00014273237500000022,1,0.7594495069595197,-0.00024055049304048026,0.00024055049304048026
0.00014323237500000024,1,0.7606492600420159,-0.00023935073995798404,0.00023935073995798406
0.00014373237500000025,1,0.7618430293186144,-0.00023815697068138564,0.00023815697068138564
0.00014423237500000026,1,0.7630308446337334,-0.00023696915536626658,0.0002369691553662666
0.00014473237500000027,1,0.7642127356829417,-0.00023578726431705836,0.0002357872643170583
0.00014523237500000029,1,0.7653887320137001,-0.00023461126798629995,0.00023461126798629995
0.0001457323750000003,1,0.7665588630261005,-0.00023344113697389948,0.00023344113697389946
0.0001462323750000003,1,0.7677231579736014,-0.0002322768420263987,0.00023227684202639865
0.00014673237500000032,1,0.768881645963758,-0.00023111835403624205,0.00023111835403624205
0.00014723237500000033,1,0.7700343559589511,-0.00022996564404104895,0.00022996564404104892
0.00014773237500000035,1,0.7711813167771108,-0.00022881868322288928,0.00022881868322288922
0.00014823237500000036,1,0.7723225570924369,-0.00022767744290756308,0.00022767744290756308
0.00014873237500000037,1,0.7734581054361156,-0.00022654189456388437,0.0002265418945638844
0.00014923237500000038,1,0.7745879901970327,-0.00022541200980296728,0.00022541200980296728
0.0001497323750000004,1,0.7757122396224839,-0.00022428776037751604,0.00022428776037751607
0.0001502323750000004,1,0.7768308818188805,-0.00022316911818111946,0.00022316911818111952
0.00015073237500000042,1,0.7779439447524521,-0.00022205605524754795,0.0002220560552475479
0.00015123237500000043,1,0.779051456249946,-0.000220948543750054,0.00022094854375005402
0.00015173237500000044,1,0.7801534439993227,-0.00021984655600067724,0.00021984655600067727
0.00015223237500000046,1,0.7812499355504482,-0.0002187500644495518,0.00021875006444955182
0.00015273237500000047,1,0.7823409583157825,-0.00021765904168421742,0.00021765904168421745
0.00015323237500000048,1,0.7834265395710656,-0.00021657346042893441,0.00021657346042893444
0.0001537323750000005,1,0.784506706455998,-0.00021549329354400202,0.00021549329354400204
0.0001542323750000005,1,0.7855814859749206,-0.0002144185140250794,0.00021441851402507938
0.00015473237500000052,1,0.7866509049974896,-0.00021334909500251046,0.00021334909500251044
0.00015523237500000053,1,0.7877149902593474,-0.0002122850097406526,0.00021228500974065256
0.00015573237500000054,1,0.788773768362792,-0.00021122623163720802,0.000211226231637208
0.00015623237500000055,1,0.7898272657774413,-0.00021017273422255863,0.00021017273422255865
0.00015673237500000056,1,0.7908755088408954,-0.00020912449115910458,0.00020912449115910458
0.00015723237500000058,1,0.7919185237593945,-0.00020808147624060548,0.00020808147624060548
0.0001577323750000006,1,0.7929563366084749,-0.00020704366339152516,0.00020704366339152513
0.0001582323750000006,1,0.7939889733336197,-0.00020601102666638023,0.00020601102666638026
0.0001587323750000006,1,0.7950164597509085,-0.0002049835402490915,0.0002049835402490915
0.00015923237500000063,1,0.7960388215476621,-0.00020396117845233788,0.00020396117845233785
0.00015973237500000064,1,0.7970560842830853,-0.00020294391571691476,0.00020294391571691473
0.00016023237500000065,1,0.7980682733889054,-0.00020193172661109456,0.0002019317266110946
0.00016073237500000066,1,0.7990754141700082,-0.00020092458582999183,0.00020092458582999183
0.00016123237500000067,1,0.8000775318050704,-0.0001999224681949296,0.00019992246819492966
0.00016173237500000069,1,0.8010746513471896,-0.00019892534865281048,0.00019892534865281042
0.0001622323750000007,1,0.8020667977245102,-0.00019793320227548983,0.00019793320227548983
0.0001627323750000007,1,0.8030539957408467,-0.0001969460042591533,0.00019694600425915331
0.00016323237500000072,1,0.804036270076304,-0.0001959637299236961,0.00019596372992369604
0.00016373237500000073,1,0.8050136452878935,-0.00019498635471210644,0.00019498635471210647
0.00016423237500000075,1,0.8059861458101484,-0.0001940138541898516,0.00019401385418985162
0.00016473237500000076,1,0.8069537959557336,-0.0001930462040442664,0.00019304620404426642
0.00016523237500000077,1,0.807916619916054,-0.000192083380083946,0.000192083380083946
0.00016573237500000078,1,0.8088746417618592,-0.00019112535823814086,0.0001911253582381408
0.0001662323750000008,1,0.8098278854438449,-0.0001901721145561551,0.00019017211455615512
0.0001667323750000008,1,0.810776374793252,-0.000189223625206748,0.00018922362520674795
0.00016723237500000082,1,0.8117201335224628,-0.00018827986647753725,0.00018827986647753725
0.00016773237500000083,1,0.8126591852255928,-0.00018734081477440726,0.00018734081477440724
0.00016823237500000084,1,0.8135935533790811,-0.00018640644662091892,0.00018640644662091887
0.00016873237500000086,1,0.8145232613422777,-0.0001854767386577223,0.0001854767386577223
0.00016923237500000087,1,0.8154483323580269,-0.0001845516676419731,0.00018455166764197307
0.00016973237500000088,1,0.8163687895532488,-0.00018363121044675124,0.00018363121044675124
0.0001702323750000009,1,0.8172846559395169,-0.00018271534406048308,0.00018271534406048305
0.0001707323750000009,1,0.8181959544136341,-0.00018180404558636588,0.00018180404558636588
0.00017123237500000092,1,0.8191027077582046,-0.0001808972922417954,0.0001808972922417954
0.00017173237500000093,1,0.8200049386422036,-0.0001799950613577964,0.0001799950613577964
0.00017223237500000094,1,0.8209026696215442,-0.00017909733037845574,0.00017909733037845576
0.00017273237500000095,1,0.8217959231396413,-0.00017820407686035863,0.00017820407686035866
0.00017323237500000097,1,0.8226847215279723,-0.0001773152784720277,0.00017731527847202766
0.00017373237500000098,1,0.8235690870066358,-0.00017643091299336428,0.00017643091299336422
0.000174232375000001,1,0.824449041684907,-0.0001755509583150931,0.00017555095831509304
0.000174732375000001,1,0.8253246075617903,-0.00017467539243820975,0.00017467539243820973
0.00017523237500000101,1,0.8261958065265693,-0.0001738041934734307,0.00017380419347343067
0.00017573237500000103,1,0.8270626603593544,-0.00017293733964064565,0.00017293733964064562
0.00017623237500000104,1,0.827925190731627,-0.00017207480926837305,0.00017207480926837305
0.00017673237500000105,1,0.828783419206781,-0.00017121658079321904,0.000171216580793219
0.00017723237500000106,1,0.8296373672406624,-0.00017036263275933762,0.0001703626327593376
0.00017773237500000108,1,0.8304870561821056,-0.00016951294381789442,0.0001695129438178944
0.0001782323750000011,1,0.8313325072734667,-0.00016866749272653324,0.00016866749272653324
0.0001787323750000011,1,0.8321737416511552,-0.00016782625834884475,0.0001678262583488448
0.0001792323750000011,1,0.8330107803461619,-0.00016698921965383807,0.00016698921965383807
0.00017973237500000112,1,0.8338436442845851,-0.0001661563557154149,0.00016615635571541487
0.00018023237500000114,1,0.8346723542881533,-0.00016532764571184667,0.00016532764571184665
0.00018073237500000115,1,0.8354969310747461,-0.00016450306892525394,0.0001645030689252539
0.00018123237500000116,1,0.8363173952589119,-0.0001636826047410881,0.00016368260474108808
0.00018173237500000117,1,0.8371337673523837,-0.00016286623264761635,0.00016286623264761635
0.00018223237500000118,1,0.8379460677645912,-0.00016205393223540877,0.00016205393223540877
0.0001827323750000012,1,0.8387543168031717,-0.00016124568319682829,0.0001612456831968283
0.0001832323750000012,1,0.8395585346744774,-0.00016044146532552257,0.00016044146532552263
0.00018373237500000122,1,0.840358741484081,-0.00015964125851591904,0.00015964125851591904
0.00018423237500000123,1,0.8411549572372775,-0.00015884504276272252,0.0001588450427627225
0.00018473237500000125,1,0.8419472018395853,-0.0001580527981604147,0.00015805279816041474
0.00018523237500000126,1,0.8427354950972431,-0.00015726450490275692,0.0001572645049027569
0.00018573237500000127,1,0.8435198567177057,-0.0001564801432822943,0.0001564801432822943
0.00018623237500000128,1,0.844300306310136,-0.00015569969368986404,0.00015569969368986402
0.0001867323750000013,1,0.8450768633858957,-0.00015492313661410431,0.0001549231366141043
0.0001872323750000013,1,0.8458495473590333,-0.00015415045264096673,0.0001541504526409667
0.00018773237500000132,1,0.8466183775467686,-0.0001533816224532314,0.0001533816224532314
0.00018823237500000133,1,0.8473833731699767,-0.00015261662683002327,0.0001526166268300233
0.00018873237500000134,1,0.8481445533536676,-0.00015185544664633244,0.00015185544664633244
0.00018923237500000135,1,0.8489019371274646,-0.0001510980628725353,0.00015109806287253537
0.00018973237500000137,1,0.8496555434260807,-0.00015034445657391925,0.00015034445657391925
0.00019023237500000138,1,0.850405391089791,-0.000149594608910209,0.00014959460891020903
0.0001907323750000014,1,0.851151498864904,-0.0001488485011350959,0.00014884850113509597
0.0001912323750000014,1,0.851893885404231,-0.00014810611459576892,0.00014810611459576894
0.00019173237500000142,1,0.8526325692675516,-0.00014736743073244843,0.0001473674307324484
0.00019223237500000143,1,0.8533675689220775,-0.00014663243107792244,0.00014663243107792246
0.00019273237500000144,1,0.8540989027429151,-0.0001459010972570849,0.00014590109725708488
0.00019323237500000145,1,0.854826589013524,-0.00014517341098647593,0.00014517341098647596
0.00019373237500000146,1,0.8555506459261748,-0.00014444935407382522,0.0001444493540738252
0.00019423237500000148,1,0.8562710915824034,-0.00014372890841759655,0.00014372890841759655
0.0001947323750000015,1,0.8569879439934638,-0.0001430120560065362,0.00014301205600653622
0.0001952323750000015,1,0.8577012210807782,-0.00014229877891922178,0.00014229877891922183
0.0001957323750000015,1,0.8584109406763853,-0.0001415890593236146,0.00014158905932361464
0.00019623237500000152,1,0.859117120523386,-0.0001408828794766141,0.00014088287947661404
0.00019673237500000154,1,0.8598197782763866,-0.00014018022172361348,0.00014018022172361343
0.00019723237500000155,1,0.8605189315019408,-0.00013948106849805922,0.0001394810684980592
0.00019773237500000156,1,0.8612145976789883,-0.00013878540232101168,0.00013878540232101168
0.00019823237500000157,1,0.8619067941992924,-0.00013809320580070758,0.0001380932058007076
0.00019873237500000159,1,0.8625955383678744,-0.00013740446163212558,0.0001374044616321256
0.0001992323750000016,1,0.8632808474034461,-0.00013671915259655387,0.00013671915259655387
0.0001997323750000016,1,0.8639627384388404,-0.00013603726156115954,0.00013603726156115957
0.00020023237500000162,1,0.8646412285214395,-0.00013535877147856042,0.00013535877147856045
0.00020073237500000163,1,0.8653163346136018,-0.00013468366538639824,0.00013468366538639819
0.00020123237500000165,1,0.8659880735930849,-0.00013401192640691512,0.00013401192640691506
0.00020173237500000166,1,0.8666564622534683,-0.00013334353774653173,0.00013334353774653173
0.00020223237500000167,1,0.867321517304573,-0.00013267848269542704,0.00013267848269542704
0.00020273237500000168,1,0.8679832553728791,-0.0001320167446271209,0.00013201674462712089
0.0002032323750000017,1,0.8686416930019418,-0.0001313583069980582,0.00013135830699805817
0.0002037323750000017,1,0.8692968466528048,-0.0001307031533471952,0.00013070315334719518
0.00020423237500000172,1,0.8699487327044118,-0.00013005126729558828,0.00013005126729558826
0.00020473237500000173,1,0.8705973674540157,-0.00012940263254598427,0.00012940263254598427
0.00020523237500000174,1,0.8712427671175867,-0.0001287572328824133,0.00012875723288241326
0.00020573237500000176,1,0.8718849478302172,-0.00012811505216978286,0.0001281150521697828
0.00020623237500000177,1,0.8725239256465251,-0.00012747607435347483,0.00012747607435347486
0.00020673237500000178,1,0.873159716541056,-0.00012684028345894406,0.00012684028345894406
0.0002072323750000018,1,0.8737923364086814,-0.00012620766359131865,0.00012620766359131862
0.0002077323750000018,1,0.874421801064997,-0.00012557819893500302,0.000125578198935003
0.00020823237500000182,1,0.8750481262467177,-0.00012495187375328228,0.0001249518737532823
0.00020873237500000183,1,0.8756713276120707,-0.00012432867238792934,0.00012432867238792932
0.00020923237500000184,1,0.8762914207411875,-0.0001237085792588125,0.0001237085792588125
0.00020973237500000185,1,0.8769084211364933,-0.0001230915788635068,0.00012309157886350675
0.00021023237500000187,1,0.8775223442230942,-0.00012247765577690583,0.00012247765577690583
0.00021073237500000188,1,0.8781332053491634,-0.00012186679465083666,0.0001218667946508366
0.0002112323750000019,1,0.8787410197863246,-0.00012125898021367548,0.00012125898021367543
0.0002117323750000019,1,0.8793458027300336,-0.00012065419726996641,0.0001206541972699664
0.00021223237500000191,1,0.8799475692999587,-0.00012005243070004133,0.00012005243070004134
0.00021273237500000193,1,0.8805463345403578,-0.0001194536654596422,0.0001194536654596422
0.00021323237500000194,1,0.8811421134204557,-0.00011885788657954436,0.00011885788657954432
0.00021373237500000195,1,0.8817349208348174,-0.00011826507916518254,0.00011826507916518258
0.00021423237500000196,1,0.8823247716037208,-0.00011767522839627924,0.0001176752283962792
0.00021473237500000197,1,0.8829116804735274,-0.00011708831952647256,0.00011708831952647258
0.000215232375000002,1,0.8834956621170509,-0.00011650433788294907,0.00011650433788294911
0.000215732375000002,1,0.8840767311339234,-0.00011592326886607663,0.00011592326886607663
0.000216232375000002,1,0.8846549020509611,-0.00011534509794903895,0.00011534509794903891
0.00021673237500000202,1,0.8852301893225273,-0.00011476981067747277,0.00011476981067747271
0.00021723237500000204,1,0.8858026073308936,-0.00011419739266910645,0.00011419739266910645
0.00021773237500000205,1,0.8863721703865997,-0.00011362782961340037,0.00011362782961340034
0.00021823237500000206,1,0.886938892728811,-0.00011306110727118902,0.00011306110727118901
0.00021873237500000207,1,0.8875027885256747,-0.00011249721147432539,0.00011249721147432535
0.00021923237500000208,1,0.8880638718746738,-0.00011193612812532619,0.00011193612812532617
0.0002197323750000021,1,0.8886221568029798,-0.0001113778431970202,0.00011137784319702016
0.0002202323750000021,1,0.889177657267803,-0.00011082234273219701,0.00011082234273219704
0.00022073237500000212,1,0.8897303871567415,-0.00011026961284325853,0.00011026961284325853
0.00022123237500000213,1,0.8902803602881291,-0.00010971963971187092,0.00010971963971187093
0.00022173237500000214,1,0.8908275904113803,-0.00010917240958861968,0.00010917240958861974
0.00022223237500000216,1,0.8913720912073335,-0.00010862790879266648,0.00010862790879266649
0.00022273237500000217,1,0.8919138762885938,-0.00010808612371140621,0.00010808612371140624
0.00022323237500000218,1,0.8924529591998726,-0.00010754704080012743,0.00010754704080012744
0.0002237323750000022,1,0.8929893534183269,-0.00010701064658167312,0.00010701064658167314
0.0002242323750000022,1,0.8935230723538963,-0.00010647692764610369,0.00010647692764610372
0.00022473237500000222,1,0.8940541293496375,-0.00010594587065036255,0.00010594587065036255
0.00022523237500000223,1,0.8945825376820581,-0.00010541746231794186,0.00010541746231794192
0.00022573237500000224,1,0.8951083105614492,-0.00010489168943855081,0.00010489168943855076
0.00022623237500000225,1,0.8956314611322151,-0.0001043685388677849,0.00010436853886778485
0.00022673237500000227,1,0.8961520024732017,-0.00010384799752679826,0.0001038479975267983
0.00022723237500000228,1,0.8966699475980237,-0.00010333005240197631,0.00010333005240197634
0.0002277323750000023,1,0.8971853094553901,-0.00010281469054460989,0.0001028146905446099
0.0002282323750000023,1,0.897698100929428,-0.00010230189907057196,0.00010230189907057196
0.00022873237500000231,1,0.8982083348400044,-0.00010179166515999561,0.00010179166515999561
0.00022923237500000233,1,0.8987160239430467,-0.00010128397605695322,0.00010128397605695328
0.00022973237500000234,1,0.899221180930862,-0.00010077881906913797,0.000100778819069138
0.00023023237500000235,1,0.8997238184324537,-0.00010027618156754621,0.00010027618156754625
0.00023073237500000236,1,0.900223949013838,-0.000099776050986162,0.00009977605098616204
0.00023123237500000238,1,0.9007215851783574,-0.00009927841482164259,0.00009927841482164257
0.0002317323750000024,1,0.901216739366994,-0.00009878326063300603,0.00009878326063300601
0.0002322323750000024,1,0.9017094239586796,-0.00009829057604132045,0.0000982905760413204
0.0002327323750000024,1,0.9021996512706062,-0.00009780034872939377,0.00009780034872939381
0.00023323237500000242,1,0.9026874335585332,-0.00009731256644146676,0.00009731256644146679
0.00023373237500000244,1,0.903172783017094,-0.000096827216982906,0.00009682721698290597
0.00023423237500000245,1,0.903655711780101,-0.00009634428821989906,0.00009634428821989905
0.00023473237500000246,1,0.9041362319208485,-0.00009586376807915156,0.00009586376807915154
0.00023523237500000247,1,0.9046143554524152,-0.00009538564454758482,0.0000953856445475848
0.00023573237500000248,1,0.9050900943279642,-0.00009490990567203586,0.00009490990567203583
0.0002362323750000025,1,0.9055634604410416,-0.00009443653955895832,0.00009443653955895836
0.0002367323750000025,1,0.9060344656258744,-0.00009396553437412557,0.00009396553437412558
0.00023723237500000252,1,0.9065031216576656,-0.0000934968783423344,0.00009349687834233444
0.00023773237500000253,1,0.9069694402528891,-0.00009303055974711099,0.00009303055974711093
0.00023823237500000255,1,0.9074334330695828,-0.0000925665669304172,0.00009256656693041721
0.00023873237500000256,1,0.9078951117076397,-0.00009210488829236032,0.00009210488829236029
0.00023923237500000257,1,0.9083544877090979,-0.00009164551229090209,0.00009164551229090212
0.00023973237500000258,1,0.908811572558429,-0.00009118842744157093,0.00009118842744157096
0.0002402323750000026,1,0.9092663776828258,-0.0000907336223171742,0.00009073362231717419
0.0002407323750000026,1,0.9097189144524874,-0.00009028108554751254,0.00009028108554751257
0.00024123237500000262,1,0.9101691941809039,-0.00008983080581909607,0.00008983080581909609
0.00024173237500000263,1,0.9106172281251388,-0.00008938277187486117,0.0000893827718748612
0.00024223237500000264,1,0.9110630274861107,-0.00008893697251388937,0.00008893697251388933
0.00024273237500000265,1,0.9115066034088732,-0.00008849339659112673,0.00008849339659112675
0.00024323237500000267,1,0.9119479669828937,-0.00008805203301710633,0.00008805203301710629
0.00024373237500000268,1,0.9123871292423306,-0.00008761287075766946,0.00008761287075766943
0.00024423237500000266,1,0.9128241011663089,-0.00008717589883369117,0.00008717589883369114
0.0002447323750000027,1,0.913258893679195,-0.00008674110632080501,0.000086741106320805
0.0002452323750000027,1,0.9136915176508698,-0.00008630848234913026,0.00008630848234913024
0.0002457323750000027,1,0.9141219838969998,-0.00008587801610300018,0.00008587801610300017
0.0002462323750000027,1,0.914550303179309,-0.00008544969682069102,0.00008544969682069103
0.0002467323750000027,1,0.914976486205846,-0.00008502351379415397,0.00008502351379415395
0.00024723237500000274,1,0.9154005436312532,-0.00008459945636874681,0.00008459945636874677
0.00024773237500000275,1,0.9158224860570325,-0.00008417751394296745,0.00008417751394296747
0.00024823237500000276,1,0.9162423240318104,-0.00008375767596818958,0.00008375767596818962
0.0002487323750000028,1,0.9166600680516018,-0.00008333993194839821,0.00008333993194839817
0.0002492323750000028,1,0.9170757285600726,-0.00008292427143992745,0.00008292427143992743
0.0002497323750000028,1,0.9174893159488003,-0.00008251068405119963,0.00008251068405119966
0.0002502323750000028,1,0.9179008405575344,-0.0000820991594424656,0.00008209915944246559
0.0002507323750000028,1,0.9183103126744543,-0.00008168968732554568,0.00008168968732554572
0.00025123237500000283,1,0.918717742536427,-0.00008128225746357293,0.00008128225746357299
0.00025173237500000285,1,0.9191231403292628,-0.00008087685967073717,0.00008087685967073721
0.00025223237500000286,1,0.9195265161879697,-0.00008047348381203033,0.00008047348381203034
0.00025273237500000287,1,0.9199278801970071,-0.00008007211980299287,0.00008007211980299289
0.0002532323750000029,1,0.9203272423905382,-0.00007967275760946185,0.0000796727576094618
0.0002537323750000029,1,0.9207246127526801,-0.00007927538724731989,0.00007927538724731987
0.0002542323750000029,1,0.9211200012177541,-0.00007887999878224594,0.00007887999878224594
0.0002547323750000029,1,0.9215134176705333,-0.00007848658232946666,0.0000784865823294667
0.00025523237500000293,1,0.9219048719464906,-0.00007809512805350934,0.00007809512805350938
0.00025573237500000294,1,0.922294373832044,-0.00007770562616795599,0.00007770562616795595
0.00025623237500000296,1,0.9226819330648017,-0.00007731806693519832,0.00007731806693519828
0.00025673237500000297,1,0.923067559333805,-0.00007693244066619498,0.00007693244066619498
0.000257232375000003,1,0.9234512622797708,-0.00007654873772022916,0.00007654873772022918
0.000257732375000003,1,0.9238330514953328,-0.00007616694850466719,0.00007616694850466721
0.000258232375000003,1,0.924212936525281,-0.00007578706347471898,0.00007578706347471897
0.000258732375000003,1,0.9245909268668006,-0.0000754090731331995,0.00007540907313319944
0.00025923237500000303,1,0.9249670319697091,-0.00007503296803029096,0.00007503296803029092
0.00025973237500000304,1,0.925341261236693,-0.00007465873876330695,0.00007465873876330697
0.00026023237500000305,1,0.9257136240235423,-0.00007428637597645766,0.0000742863759764577
0.00026073237500000307,1,0.9260841296393848,-0.0000739158703606152,0.0000739158703606152
0.0002612323750000031,1,0.9264527873469189,-0.0000735472126530811,0.00007354721265308106
0.0002617323750000031,1,0.9268196063626449,-0.00007318039363735508,0.00007318039363735507
0.0002622323750000031,1,0.9271845958570955,-0.00007281540414290453,0.00007281540414290455
0.0002627323750000031,1,0.927547764955065,-0.00007245223504493499,0.00007245223504493503
0.0002632323750000031,1,0.9279091227358377,-0.00007209087726416227,0.0000720908772641623
0.00026373237500000314,1,0.9282686782334145,-0.0000717313217665855,0.00007173132176658547
0.00026423237500000315,1,0.928626440436739,-0.00007137355956326097,0.00007137355956326097
0.00026473237500000316,1,0.9289824182899222,-0.00007101758171007772,0.00007101758171007777
0.0002652323750000032,1,0.929336620692466,-0.00007066337930753395,0.00007066337930753397
0.0002657323750000032,1,0.9296890564994861,-0.0000703109435005139,0.00007031094350051392
0.0002662323750000032,1,0.9300397345219324,-0.00006996026547806758,0.00006996026547806755
0.0002667323750000032,1,0.9303886635268104,-0.00006961133647318961,0.00006961133647318962
0.0002672323750000032,1,0.9307358522373997,-0.00006926414776260031,0.00006926414776260026
0.00026773237500000324,1,0.9310813093334726,-0.0000689186906665275,0.00006891869066652745
0.00026823237500000325,1,0.9314250434515101,-0.0000685749565484899,0.00006857495654848988
0.00026873237500000326,1,0.9317670631849191,-0.0000682329368150809,0.00006823293681508092
0.00026923237500000327,1,0.9321073770842462,-0.00006789262291575387,0.00006789262291575382
0.0002697323750000033,1,0.932445993657392,-0.00006755400634260802,0.000067554006342608
0.0002702323750000033,1,0.9327829213698239,-0.0000672170786301761,0.00006721707863017612
0.0002707323750000033,1,0.9331181686447874,-0.00006688183135521262,0.00006688183135521264
0.0002712323750000033,1,0.9334517438635166,-0.00006654825613648338,0.0000665482561364834
0.00027173237500000333,1,0.933783655365444,-0.00006621634463455594,0.00006621634463455595
0.00027223237500000334,1,0.9341139114484094,-0.00006588608855159057,0.00006588608855159062
0.00027273237500000336,1,0.9344425203688662,-0.0000655574796311338,0.00006555747963113378
0.00027323237500000337,1,0.9347694903420887,-0.00006523050965791136,0.00006523050965791133
0.0002737323750000034,1,0.9350948295423773,-0.00006490517045762271,0.00006490517045762267
0.0002742323750000034,1,0.9354185461032631,-0.0000645814538967369,0.00006458145389673686
0.0002747323750000034,1,0.9357406481177106,-0.00006425935188228936,0.00006425935188228938
0.0002752323750000034,1,0.9360611436383204,-0.00006393885636167963,0.00006393885636167962
0.00027573237500000343,1,0.9363800406775306,-0.00006361995932246945,0.00006361995932246945
0.00027623237500000344,1,0.9366973472078172,-0.00006330265279218283,0.00006330265279218283
0.00027673237500000345,1,0.9370130711618928,-0.00006298692883810724,0.00006298692883810719
0.00027723237500000347,1,0.9373272204329057,-0.00006267277956709431,0.00006267277956709427
0.0002777323750000035,1,0.937639802874637,-0.00006236019712536304,0.00006236019712536301
0.0002782323750000035,1,0.9379508263016962,-0.00006204917369830379,0.00006204917369830376
0.0002787323750000035,1,0.9382602984897176,-0.00006173970151028237,0.00006173970151028241
0.0002792323750000035,1,0.9385682271755542,-0.00006143177282444574,0.00006143177282444578
0.00027973237500000353,1,0.9388746200574715,-0.00006112537994252848,0.00006112537994252854
0.00028023237500000354,1,0.9391794847953394,-0.00006082051520466057,0.00006082051520466059
0.00028073237500000355,1,0.9394828290108239,-0.00006051717098917611,0.00006051717098917608
0.00028123237500000356,1,0.9397846602875777,-0.00006021533971242233,0.00006021533971242232
0.0002817323750000036,1,0.94008498617143,-0.00005991501382857003,0.00005991501382857001
0.0002822323750000036,1,0.9403838141705747,-0.00005961618582942527,0.00005961618582942529
0.0002827323750000036,1,0.9406811517557586,-0.000059318848244241384,0.000059318848244241384
0.0002832323750000036,1,0.940977006360468,-0.00005902299363953203,0.00005902299363953201
0.0002837323750000036,1,0.941271385381114,-0.00005872861461888603,0.00005872861461888601
0.00028423237500000364,1,0.941564296177218,-0.000058435703822781976,0.00005843570382278196
0.00028473237500000365,1,0.9418557460715958,-0.00005814425392840412,0.000058144253928404167
0.00028523237500000366,1,0.9421457423505404,-0.00005785425764945958,0.00005785425764945962
0.0002857323750000037,1,0.942434292264004,-0.000057565707735995984,0.00005756570773599601
0.0002862323750000037,1,0.9427214030257793,-0.000057278596974220616,0.00005727859697422066
0.0002867323750000037,1,0.9430070818136804,-0.00005699291818631958,0.00005699291818631957
0.0002872323750000037,1,0.9432913357697217,-0.00005670866423027835,0.00005670866423027832
0.0002877323750000037,1,0.9435741720002965,-0.00005642582799970355,0.000056425827999703526
0.00028823237500000373,1,0.9438555975763548,-0.00005614440242364513,0.00005614440242364516
0.00028873237500000375,1,0.9441356195335799,-0.000055864380466420067,0.00005586438046642006
0.00028923237500000376,1,0.9444142448725644,-0.00005558575512743555,0.000055585755127435574
0.00028973237500000377,1,0.9446914805589856,-0.000055308519441014405,0.000055308519441014446
0.0002902323750000038,1,0.9449673335237787,-0.00005503266647622132,0.000055032666476221296
0.0002907323750000038,1,0.9452418106633109,-0.000054758189336689034,0.00005475818933668908
0.0002912323750000038,1,0.9455149188395535,-0.00005448508116044648,0.00005448508116044648
0.0002917323750000038,1,0.9457866648802536,-0.0000542133351197463,0.000054213335119746356
0.00029223237500000383,1,0.9460570555791051,-0.00005394294442089486,0.00005394294442089487
0.00029273237500000384,1,0.9463260976959176,-0.00005367390230408243,0.00005367390230408242
0.00029323237500000386,1,0.9465937979567857,-0.00005340620204321428,0.000053406202043214336
0.00029373237500000387,1,0.9468601630542579,-0.0000531398369457421,0.00005313983694574209
0.0002942323750000039,1,0.9471251996475034,-0.00005287480035249658,0.00005287480035249659
0.0002947323750000039,1,0.9473889143624784,-0.00005261108563752164,0.00005261108563752159
0.0002952323750000039,1,0.947651313792092,-0.00005234868620790801,0.000052348686207908
0.0002957323750000039,1,0.9479124044963708,-0.00005208759550362919,0.00005208759550362918
0.00029623237500000393,1,0.9481721930026233,-0.00005182780699737664,0.000051827806997376655
0.00029673237500000394,1,0.9484306858056029,-0.00005156931419439718,0.000051569314194397144
0.00029723237500000395,1,0.9486878893676698,-0.0000513121106323302,0.00005131211063233021
0.00029773237500000396,1,0.9489438101189532,-0.00005105618988104682,0.000051056189881046766
0.000298232375000004,1,0.9491984544575119,-0.000050801545542488087,0.00005080154554248806
0.000298732375000004,1,0.9494518287494944,-0.000050548171250505616,0.00005054817125050559
0.000299232375000004,1,0.9497039393292974,-0.00005029606067070253,0.00005029606067070258
0.000299732375000004,1,0.9499547924997248,-0.00005004520750027518,0.00005004520750027519
0.000300232375000004,1,0.9502043945321451,-0.00004979560546785494,0.00004979560546785489
0.00030073237500000404,1,0.9504527516666481,-0.000049547248333351866,0.00004954724833335189
0.00030123237500000405,1,0.9506998701122009,-0.000049300129887799036,0.00004930012988779908
0.00030173237500000406,1,0.9509457560468034,-0.0000490542439531966,0.000049054243953196574
0.0003022323750000041,1,0.9511904156176424,-0.000048809584382357636,0.00004880958438235761
0.0003027323750000041,1,0.9514338549412452,-0.000048566145058754825,0.000048566145058754785
0.0003032323750000041,1,0.951676080103633,-0.00004832391989636694,0.00004832391989636697
0.0003037323750000041,1,0.9519170971604727,-0.00004808290283952728,0.00004808290283952732
0.0003042323750000041,1,0.9521569121372284,-0.00004784308786277163,0.000047843087862771586
0.00030473237500000413,1,0.9523955310293121,-0.00004760446897068794,0.00004760446897068793
0.00030523237500000415,1,0.9526329598022331,-0.00004736704019776697,0.00004736704019776694
0.00030573237500000416,1,0.9528692043917479,-0.00004713079560825207,0.00004713079560825206
0.00030623237500000417,1,0.9531042707040086,-0.00004689572929599136,0.00004689572929599139
0.0003067323750000042,1,0.9533381646157094,-0.00004666183538429064,0.000046661835384290585
0.0003072323750000042,1,0.9535708919742345,-0.00004642910802576548,0.000046429108025765496
0.0003077323750000042,1,0.9538024585978044,-0.00004619754140219553,0.00004619754140219556
0.0003082323750000042,1,0.9540328702756209,-0.00004596712972437908,0.00004596712972437911
0.00030873237500000423,1,0.9542621327680118,-0.000045737867231988275,0.00004573786723198825
0.00030923237500000424,1,0.9544902518065752,-0.00004550974819342475,0.00004550974819342479
0.00030973237500000426,1,0.9547172330943228,-0.000045282766905677205,0.00004528276690567723
0.00031023237500000427,1,0.9549430823058223,-0.000045056917694177726,0.000045056917694177746
0.0003107323750000043,1,0.9551678050873393,-0.00004483219491266063,0.00004483219491266066
0.0003112323750000043,1,0.9553914070569786,-0.000044608592943021414,0.00004460859294302144
0.0003117323750000043,1,0.955613893804824,-0.00004438610619517602,0.000044386106195176023
0.0003122323750000043,1,0.9558352708930792,-0.000044164729106920854,0.00004416472910692082
0.00031273237500000433,1,0.9560555438562061,-0.00004394445614379393,0.000043944456143793945
0.00031323237500000434,1,0.9562747182010629,-0.00004372528179893704,0.00004372528179893709
0.00031373237500000435,1,0.9564927994070426,-0.00004350720059295742,0.00004350720059295743
0.00031423237500000437,1,0.9567097929262094,-0.0000432902070737906,0.00004329020707379061
0.0003147323750000044,1,0.9569257041834353,-0.000043074295816564754,0.00004307429581656475
0.0003152323750000044,1,0.9571405385765352,-0.000042859461423464776,0.00004285946142346475
0.0003157323750000044,1,0.9573543014764028,-0.000042645698523597264,0.00004264569852359723
0.0003162323750000044,1,0.9575669982271439,-0.00004243300177285609,0.00004243300177285614
0.0003167323750000044,1,0.9577786341462106,-0.000042221365853789485,0.00004222136585378944
0.00031723237500000444,1,0.9579892145245337,-0.00004201078547546634,0.000042010785475466326
0.00031773237500000445,1,0.9581987446266557,-0.00004180125537334438,0.00004180125537334434
0.00031823237500000446,1,0.9584072296908618,-0.00004159277030913822,0.00004159277030913822
0.0003187323750000045,1,0.9586146749293112,-0.0000413853250706888,0.000041385325070688816
0.0003192323750000045,1,0.9588210855281674,-0.00004117891447183268,0.00004117891447183264
0.0003197323750000045,1,0.9590264666477275,-0.00004097353335227253,0.00004097353335227249
0.0003202323750000045,1,0.9592308234225517,-0.00004076917657744826,0.000040769176577448276
0.0003207323750000045,1,0.9594341609615912,-0.00004056583903840885,0.00004056583903840882
0.00032123237500000454,1,0.9596364843483162,-0.00004036351565168386,0.000040363515651683834
0.00032173237500000455,1,0.9598377986408432,-0.00004016220135915683,0.000040162201359156826
0.00032223237500000456,1,0.9600381088720609,-0.00003996189112793916,0.00003996189112793913
0.00032273237500000457,1,0.9602374200497563,-0.00003976257995024369,0.00003976257995024368
0.0003232323750000046,1,0.9604357371567401,-0.000039564262843259815,0.00003956426284325987
0.0003237323750000046,1,0.9606330651509707,-0.00003936693484902934,0.00003936693484902931
0.0003242323750000046,1,0.9608294089656789,-0.00003917059103432103,0.00003917059103432108
0.0003247323750000046,1,0.9610247735094909,-0.000038975226490509086,0.000038975226490509106
0.00032523237500000463,1,0.9612191636665506,-0.00003878083633344941,0.00003878083633344942
0.00032573237500000465,1,0.9614125842966426,-0.000038587415703357454,0.00003858741570335744
0.00032623237500000466,1,0.9616050402353127,-0.00003839495976468729,0.00003839495976468732
0.00032673237500000467,1,0.9617965362939892,-0.000038203463706010764,0.0000382034637060108
0.0003272323750000047,1,0.9619870772601037,-0.00003801292273989635,0.000038012922739896314
0.0003277323750000047,1,0.9621766678972102,-0.0000378233321027898,0.00003782333210278976
0.0003282323750000047,1,0.9623653129451044,-0.000037634687054895546,0.00003763468705489559
0.0003287323750000047,1,0.9625530171199418,-0.000037446982880058165,0.00003744698288005821
0.00032923237500000473,1,0.962739785114356,-0.00003726021488564401,0.000037260214885644014
0.00032973237500000474,1,0.9629256215975761,-0.000037074378402423874,0.00003707437840242389
0.00033023237500000475,1,0.9631105312155432,-0.0000368894687844568,0.00003688946878445676
0.00033073237500000477,1,0.9632945185910268,-0.00003670548140897328,0.00003670548140897323
0.0003312323750000048,1,0.96347758832374,-0.00003652241167626002,0.000036522411676260024
0.0003317323750000048,1,0.9636597449904546,-0.00003634025500954543,0.00003634025500954541
0.0003322323750000048,1,0.9638409931451156,-0.00003615900685488441,0.00003615900685488438
0.0003327323750000048,1,0.9640213373189555,-0.000035978662681044574,0.00003597866268104455
0.00033323237500000483,1,0.9642007820206066,-0.00003579921797939342,0.00003579921797939345
0.00033373237500000484,1,0.9643793317362145,-0.00003562066826378555,0.000035620668263785516
0.00033423237500000485,1,0.96455699092955,-0.00003544300907044992,0.00003544300907044995
0.00033473237500000486,1,0.9647337640421207,-0.000035266235957879264,0.00003526623595787926
0.0003352323750000049,1,0.9649096554932821,-0.00003509034450671785,0.00003509034450671788
0.0003357323750000049,1,0.965084669680348,-0.000034915330319652,0.000034915330319651996
0.0003362323750000049,1,0.9652588109787003,-0.00003474118902129972,0.00003474118902129974
0.0003367323750000049,1,0.9654320837418985,-0.000034567916258101505,0.00003456791625810152
0.0003372323750000049,1,0.9656044923017891,-0.000034395507698210836,0.00003439550769821087
0.00033773237500000494,1,0.9657760409686132,-0.00003422395903138675,0.000034223959031386756
0.00033823237500000495,1,0.965946734031114,-0.000034053265968886056,0.00003405326596888603
0.00033873237500000496,1,0.9661165757566443,-0.00003388342424335568,0.00003388342424335566
0.000339232375000005,1,0.9662855703912743,-0.000033714429608725774,0.000033714429608725726
0.000339732375000005,1,0.9664537221598962,-0.000033546277840103755,0.000033546277840103775
0.000340232375000005,1,0.9666210352663305,-0.0000333789647336695,0.00003337896473366952
0.000340732375000005,1,0.9667875138934309,-0.00003321248610656908,0.00003321248610656913
0.000341232375000005,1,0.9669531622031893,-0.000033046837796810776,0.00003304683779681072
0.00034173237500000503,1,0.9671179843368392,-0.0000328820156631609,0.00003288201566316085
0.00034223237500000505,1,0.9672819844149596,-0.00003271801558504036,0.00003271801558504039
0.00034273237500000506,1,0.9674451665375782,-0.00003255483346242187,0.00003255483346242183
0.00034323237500000507,1,0.9676075347842734,-0.00003239246521572663,0.00003239246521572658
0.0003437323750000051,1,0.9677690932142768,-0.00003223090678572318,0.00003223090678572316
0.0003442323750000051,1,0.9679298458665745,-0.00003207015413342546,0.00003207015413342551
0.0003447323750000051,1,0.9680897967600081,-0.000031910203239991905,0.00003191020323999194
0.0003452323750000051,1,0.9682489498933746,-0.00003175105010662534,0.00003175105010662538
0.00034573237500000513,1,0.9684073092455273,-0.00003159269075447271,0.00003159269075447268
0.00034623237500000514,1,0.9685648787754748,-0.00003143512122452522,0.00003143512122452519
0.00034673237500000516,1,0.9687216624224798,-0.000031278337577520226,0.000031278337577520185
0.00034723237500000517,1,0.968877664106158,-0.00003112233589384189,0.00003112233589384195
0.0003477323750000052,1,0.969032887726576,-0.00003096711227342397,0.000030967112273423967
0.0003482323750000052,1,0.9691873371643485,-0.00003081266283565156,0.00003081266283565154
0.0003487323750000052,1,0.9693410162807355,-0.0000306589837192645,0.00003065898371926446
0.0003492323750000052,1,0.9694939289177392,-0.00003050607108226076,0.000030506071082260777
0.00034973237500000523,1,0.9696460788981993,-0.000030353921101800734,0.000030353921101800684
0.00035023237500000524,1,0.969797470025889,-0.000030202529974111044,0.000030202529974110993
0.00035073237500000525,1,0.9699481060856102,-0.00003005189391438979,0.000030051893914389783
0.00035123237500000527,1,0.970097990843288,-0.00002990200915671201,0.00002990200915671204
0.0003517323750000053,1,0.9702471280460645,-0.000029752871953935456,0.0000297528719539355
0.0003522323750000053,1,0.9703955214223933,-0.000029604478577606713,0.00002960447857760673
0.0003527323750000053,1,0.9705431746821319,-0.000029456825317868054,0.000029456825317868084
0.0003532323750000053,1,0.9706900915166349,-0.000029309908483365074,0.000029309908483365122
0.0003537323750000053,1,0.9708362755988461,-0.00002916372440115388,0.00002916372440115389
0.00035423237500000534,1,0.9709817305833907,-0.00002901826941660937,0.000029018269416609345
0.00035473237500000535,1,0.9711264601066655,-0.000028873539893334473,0.00002887353989333452
0.00035523237500000536,1,0.9712704677869313,-0.00002872953221306877,0.00002872953221306873
0.0003557323750000054,1,0.9714137572244027,-0.0000285862427755973,0.00002858624277559729
0.0003562323750000054,1,0.9715563320013383,-0.00002844366799866177,0.000028443667998661714
0.0003567323750000054,1,0.9716981956821297,-0.000028301804317870335,0.000028301804317870328
0.0003572323750000054,1,0.9718393518133909,-0.00002816064818660915,0.000028160648186609128
0.0003577323750000054,1,0.9719798039240473,-0.000028020196075952694,0.000028020196075952742
0.00035823237500000544,1,0.9721195555254236,-0.000027880444474576377,0.000027880444474576384
0.00035873237500000545,1,0.9722586101113317,-0.000027741389888668298,0.000027741389888668254
0.00035923237500000546,1,0.9723969711581578,-0.000027603028841842177,0.00002760302884184218
0.00035973237500000547,1,0.9725346421249498,-0.000027465357875050187,0.00002746535787505022
0.0003602323750000055,1,0.9726716264535035,-0.000027328373546496544,0.00002732837354649653
0.0003607323750000055,1,0.9728079275684484,-0.000027192072431551635,0.00002719207243155164
0.0003612323750000055,1,0.9729435488773338,-0.000027056451122666153,0.000027056451122666194
0.0003617323750000055,1,0.9730784937707136,-0.00002692150622928631,0.000026921506229286353
0.00036223237500000553,1,0.9732127656222311,-0.000026787234377768834,0.000026787234377768864
0.00036273237500000554,1,0.9733463677887036,-0.000026653632211296407,0.000026653632211296352
0.00036323237500000556,1,0.9734793036102063,-0.00002652069638979374,0.000026520696389793708
0.00036373237500000557,1,0.9736115764101554,-0.000026388423589844643,0.000026388423589844613
0.0003642323750000056,1,0.9737431894953915,-0.000026256810504608524,0.000026256810504608484
0.0003647323750000056,1,0.9738741461562623,-0.000026125853843737682,0.00002612585384373767
0.0003652323750000056,1,0.9740044496667047,-0.000025995550333295222,0.00002599555033329526
0.0003657323750000056,1,0.9741341032843269,-0.000025865896715673094,0.000025865896715673077
0.00036623237500000563,1,0.9742631102504897,-0.000025736889749510233,0.000025736889749510274
0.00036673237500000564,1,0.9743914737903875,-0.000025608526209612548,0.000025608526209612514
0.00036723237500000565,1,0.9745191971131285,-0.000025480802886871496,0.00002548080288687149
0.00036773237500000567,1,0.9746462834118158,-0.000025353716588184176,0.000025353716588184193
0.0003682323750000057,1,0.974772735863627,-0.000025227264136372992,0.000025227264136372995
0.0003687323750000057,1,0.9748985576298932,-0.00002510144237010683,0.00002510144237010681
0.0003692323750000057,1,0.975023751856178,-0.000024976248143822018,0.000024976248143822045
0.0003697323750000057,1,0.9751483216723565,-0.00002485167832764351,0.000024851678327643455
0.0003702323750000057,1,0.975272270192694,-0.000024727729807305946,0.000024727729807305977
0.00037073237500000574,1,0.9753956005159226,-0.000024604399484077447,0.000024604399484077444
0.00037123237500000575,1,0.9755183157253192,-0.00002448168427468078,0.000024481684274680783
0.00037173237500000576,1,0.9756404188887837,-0.000024359581111216277,0.000024359581111216277
0.0003722323750000058,1,0.9757619130589144,-0.000024238086941085618,0.000024238086941085645
0.0003727323750000058,1,0.9758828012730844,-0.000024117198726915606,0.000024117198726915647
0.0003732323750000058,1,0.976003086553518,-0.00002399691344648206,0.000023996913446482027
0.0003737323750000058,1,0.9761227719073657,-0.000023877228092634246,0.000023877228092634263
0.0003742323750000058,1,0.9762418603267803,-0.00002375813967321974,0.000023758139673219715
0.00037473237500000584,1,0.9763603547889907,-0.00002363964521100929,0.000023639645211009253
0.00037523237500000585,1,0.9764782582563772,-0.000023521741743622775,0.000023521741743622758
0.00037573237500000586,1,0.9765955736765449,-0.000023404426323455144,0.000023404426323455076
0.00037623237500000587,1,0.9767123039823975,-0.000023287696017602584,0.0000232876960176025
0.0003767323750000059,1,0.9768284520922108,-0.000023171547907789233,0.000023171547907789193
0.0003772323750000059,1,0.9769440209097059,-0.000023055979090294207,0.00002305597909029411
0.0003777323750000059,1,0.9770590133241213,-0.000022940986675878744,0.000022940986675878737
0.0003782323750000059,1,0.9771734322102853,-0.000022826567789714647,0.0000228265677897147
0.00037873237500000593,1,0.977287280428688,-0.000022712719571312077,0.000022712719571312046
0.00037923237500000595,1,0.9774005608255524,-0.00002259943917444756,0.00002259943917444762
0.00037973237500000596,1,0.9775132762329063,-0.00002248672376709373,0.000022486723767093707
0.00038023237500000597,1,0.9776254294686524,-0.00002237457053134756,0.000022374570531347616
0.000380732375000006,1,0.9777370233366391,-0.000022262976663360752,0.000022262976663360857
0.000381232375000006,1,0.9778480606267307,-0.00002215193937326926,0.000022151939373269314
0.000381732375000006,1,0.9779585441148767,-0.00002204145588512326,0.000022041455885123296
0.000382232375000006,1,0.9780684765631816,-0.000021931523436818402,0.00002193152343681837
0.00038273237500000603,1,0.9781778607199737,-0.000021822139280026215,0.0000218221392800263
0.00038323237500000604,1,0.978286699319874,-0.000021713300680126007,0.000021713300680126
0.00038373237500000606,1,0.9783949950838646,-0.00002160500491613527,0.000021605004916135374
0.00038423237500000607,1,0.9785027507193566,-0.000021497249280643532,0.000021497249280643448
0.0003847323750000061,1,0.9786099689202575,-0.00002139003107974255,0.000021390031079742465
0.0003852323750000061,1,0.9787166523670393,-0.00002128334763296059,0.000021283347632960693
0.0003857323750000061,1,0.9788228037268046,-0.00002117719627319544,0.000021177196273195363
0.0003862323750000061,1,0.9789284256533543,-0.000021071574346645658,0.00002107157434664575
0.00038673237500000613,1,0.9790335207872527,-0.00002096647921274726,0.000020966479212747303
0.00038723237500000614,1,0.9791380917558947,-0.000020861908244105198,0.000020861908244105276
0.00038773237500000615,1,0.9792421411735709,-0.00002075785882642918,0.00002075785882642911
0.00038823237500000616,1,0.979345671641533,-0.000020654328358467094,0.000020654328358467033
0.0003887323750000062,1,0.9794486857480589,-0.00002055131425194104,0.000020551314251941123
0.0003892323750000062,1,0.9795511860685173,-0.00002044881393148271,0.00002044881393148268
0.0003897323750000062,1,0.9796531751654325,-0.00002034682483456748,0.00002034682483456751
0.0003902323750000062,1,0.9797546555885475,-0.000020245344411452598,0.000020245344411452537
0.0003907323750000062,1,0.9798556298748886,-0.000020144370125111484,0.00002014437012511139
0.00039123237500000624,1,0.9799561005488292,-0.00002004389945117085,0.0000200438994511708
0.00039173237500000625,1,0.9800560701221517,-0.000019943929877848246,0.00001994392987784832
0.00039223237500000626,1,0.9801555410941108,-0.000019844458905889182,0.00001984445890588915
0.0003927323750000063,1,0.9802545159514967,-0.00001974548404850337,0.00001974548404850329
0.0003932323750000063,1,0.9803529971686962,-0.00001964700283130379,0.00001964700283130383
0.0003937323750000063,1,0.980450987207755,-0.00001954901279224491,0.000019549012792244967
0.0003942323750000063,1,0.9805484885184396,-0.00001945151148156042,0.000019451511481560435
0.0003947323750000063,1,0.9806455035382975,-0.00001935449646170255,0.00001935449646170251
0.00039523237500000633,1,0.9807420346927197,-0.000019257965307280245,0.0000192579653072803
0.00039573237500000635,1,0.9808380843950004,-0.00001916191560499955,0.00001916191560499958
0.00039623237500000636,1,0.9809336550463968,-0.0000190663449536031,0.000019066344953603154
0.00039673237500000637,1,0.9810287490361902,-0.00001897125096380985,0.000018971250963809804
0.0003972323750000064,1,0.9811233687417452,-0.00001887663125825479,0.000018876631258254782
0.0003977323750000064,1,0.9812175165285694,-0.0000187824834714306,0.000018782483471430632
0.0003982323750000064,1,0.981311194750372,-0.00001868880524962804,0.000018688805249628016
0.0003987323750000064,1,0.9814044057491231,-0.00001859559425087696,0.000018595594250876867
0.00039923237500000643,1,0.9814971518551125,-0.00001850284814488754,0.000018502848144887452
0.00039973237500000644,1,0.9815894353870073,-0.000018410564612992815,0.00001841056461299273
0.00040023237500000646,1,0.9816812586519099,-0.000018318741348090145,0.000018318741348090084
0.00040073237500000647,1,0.9817726239454164,-0.000018227376054583523,0.000018227376054583578
0.0004012323750000065,1,0.9818635335516734,-0.000018136466448326555,0.000018136466448326562
0.0004017323750000065,1,0.9819539897434354,-0.000018046010256564556,0.000018046010256564603
0.0004022323750000065,1,0.9820439947821212,-0.000017956005217878825,0.000017956005217878767
0.0004027323750000065,1,0.9821335509178711,-0.000017866449082128968,0.000017866449082128866
0.00040323237500000653,1,0.9822226603896025,-0.0000177773396103976,0.000017777339610397512
0.00040373237500000654,1,0.9823113254250657,-0.000017688674574934185,0.000017688674574934283
0.00040423237500000655,1,0.9823995482409006,-0.000017600451759099307,0.000017600451759099412
0.00040473237500000657,1,0.9824873310426915,-0.00001751266895730851,0.00001751266895730852
0.0004052323750000066,1,0.9825746760250221,-0.00001742532397497787,0.000017425323974977867
0.0004057323750000066,1,0.9826615853715307,-0.00001733841462846935,0.0000173384146284693
0.0004062323750000066,1,0.9827480612549645,-0.00001725193874503551,0.0000172519387450355
0.0004067323750000066,1,0.9828341058372341,-0.00001716589416276594,0.000017165894162765927
0.0004072323750000066,1,0.9829197212694674,-0.000017080278730532625,0.00001708027873053264
0.00040773237500000664,1,0.9830049096920634,-0.000016995090307936594,0.000016995090307936557
0.00040823237500000665,1,0.9830896732347462,-0.000016910326765253933,0.000016910326765253835
0.00040873237500000666,1,0.9831740140166175,-0.00001682598598338244,0.000016825985983382473
0.0004092323750000067,1,0.9832579341462103,-0.00001674206585378958,0.00001674206585378968
0.0004097323750000067,1,0.9833414357215409,-0.000016658564278459152,0.000016658564278459132
0.0004102323750000067,1,0.9834245208301615,-0.000016575479169838583,0.00001657547916983848
0.0004107323750000067,1,0.9835071915492131,-0.000016492808450786897,0.000016492808450786934
0.0004112323750000067,1,0.9835894499454764,-0.000016410550054523536,0.00001641055005452363
0.00041173237500000674,1,0.9836712980754241,-0.000016328701924575887,0.000016328701924575918
0.00041223237500000675,1,0.9837527379852724,-0.000016247262014727672,0.00001624726201472759
0.00041273237500000676,1,0.9838337717110317,-0.000016166228288968208,0.0000161662282889683
0.00041323237500000677,1,0.9839144012785577,-0.000016085598721442317,0.00001608559872144233
0.0004137323750000068,1,0.9839946287036023,-0.000016005371296397633,0.000016005371296397674
0.0004142323750000068,1,0.9840744559918636,-0.000015925544008136465,0.000015925544008136394
0.0004147323750000068,1,0.9841538851390361,-0.00001584611486096397,0.000015846114860963877
0.0004152323750000068,1,0.9842329181308613,-0.00001576708186913872,0.000015767081869138666
0.00041573237500000683,1,0.9843115569431763,-0.00001568844305682368,0.000015688443056823708
0.00041623237500000685,1,0.9843898035419635,-0.000015610196458036574,0.00001561019645803652
0.00041673237500000686,1,0.9844676598834,-0.00001553234011659999,0.000015532340116599984
0.00041723237500000687,1,0.9845451279139066,-0.000015454872086093476,0.000015454872086093418
0.0004177323750000069,1,0.9846222095701963,-0.000015377790429803653,0.000015377790429803694
0.0004182323750000069,1,0.9846989067793225,-0.000015301093220677605,0.00001530109322067752
0.0004187323750000069,1,0.9847752214587273,-0.00001522477854127278,0.000015224778541272688
0.0004192323750000069,1,0.9848511555162898,-0.000015148844483710159,0.000015148844483710233
0.00041973237500000693,1,0.9849267108503731,-0.000015073289149626981,0.000015073289149626912
0.00042023237500000694,1,0.9850018893498724,-0.000014998110650127523,0.000014998110650127572
0.00042073237500000695,1,0.9850766928942619,-0.000014923307105737995,0.000014923307105738081
0.00042123237500000697,1,0.985151123353642,-0.000014848876646357968,0.000014848876646358034
0.000421732375000007,1,0.9852251825887857,-0.000014774817411214404,0.000014774817411214336
0.000422232375000007,1,0.9852988724511855,-0.000014701127548814386,0.000014701127548814474
0.000422732375000007,1,0.9853721947830998,-0.000014627805216900231,0.000014627805216900214
0.000423232375000007,1,0.9854451514175979,-0.000014554848582402002,0.00001455484858240208
0.00042373237500000703,1,0.9855177441786073,-0.000014482255821392839,0.000014482255821392732
0.00042423237500000704,1,0.9855899748809582,-0.000014410025119041686,0.00001441002511904177
0.00042473237500000705,1,0.9856618453304296,-0.000014338154669570361,0.000014338154669570446
0.00042523237500000706,1,0.9857333573237939,-0.000014266642676206065,0.000014266642676206143
0.0004257323750000071,1,0.9858045126488622,-0.000014195487351137794,0.000014195487351137848
0.0004262323750000071,1,0.9858753130845287,-0.000014124686915471243,0.000014124686915471307
0.0004267323750000071,1,0.9859457604008154,-0.000014054239599184566,0.000014054239599184615
0.0004272323750000071,1,0.9860158563589161,-0.000013984143641083925,0.000013984143641083913
0.0004277323750000071,1,0.9860856027112406,-0.00001391439728875947,0.000013914397288759427
0.00042823237500000714,1,0.9861550012014587,-0.000013844998798541322,0.000013844998798541285
0.00042873237500000715,1,0.9862240535645436,-0.000013775946435456423,0.000013775946435456432
0.00042923237500000716,1,0.9862927615268149,-0.000013707238473185165,0.000013707238473185112
0.0004297323750000072,1,0.9863611268059828,-0.000013638873194017154,0.000013638873194017242
0.0004302323750000072,1,0.9864291511111898,-0.000013570848888810232,0.000013570848888810217
0.0004307323750000072,1,0.9864968361430542,-0.000013503163856945803,0.000013503163856945832
0.0004312323750000072,1,0.9865641835937123,-0.000013435816406287635,0.000013435816406287659
0.0004317323750000072,1,0.9866311951468609,-0.000013368804853139144,0.000013368804853139071
0.00043223237500000723,1,0.9866978724777992,-0.00001330212752220089,0.000013302127522200835
0.00043273237500000725,1,0.9867642172534707,-0.000013235782746529165,0.000013235782746529256
0.00043323237500000726,1,0.9868302311325056,-0.000013169768867494352,0.000013169768867494436
0.00043373237500000727,1,0.9868959157652609,-0.000013104084234739086,0.000013104084234739078
0.0004342323750000073,1,0.9869612727938629,-0.000013038727206137043,0.00001303872720613708
0.0004347323750000073,1,0.9870263038522477,-0.000012973696147752399,0.000012973696147752344
0.0004352323750000073,1,0.9870910105662015,-0.000012908989433798408,0.000012908989433798479
0.0004357323750000073,1,0.9871553945534025,-0.000012844605446597507,0.00001284460544659749
0.00043623237500000733,1,0.9872194574234603,-0.000012780542576539683,0.00001278054257653971
0.00043673237500000734,1,0.9872832007779566,-0.000012716799222043437,0.000012716799222043384
0.00043723237500000736,1,0.9873466262104855,-0.000012653373789514371,0.000012653373789514476
0.00043773237500000737,1,0.9874097353066926,-0.00001259026469330746,0.000012590264693307374
0.0004382323750000074,1,0.9874725296443151,-0.00001252747035568498,0.000012527470355684911
0.0004387323750000074,1,0.9875350107932213,-0.00001246498920677878,0.000012464989206778742
0.0004392323750000074,1,0.9875971803154496,-0.000012402819684550386,0.00001240281968455037
0.0004397323750000074,1,0.9876590397652479,-0.000012340960234751962,0.000012340960234752062
0.00044023237500000743,1,0.987720590689112,-0.00001227940931088794,0.000012279409310888001
0.00044073237500000744,1,0.9877818346258246,-0.00001221816537417533,0.000012218165374175416
0.00044123237500000745,1,0.9878427731064937,-0.000012157226893506207,0.00001215722689350629
0.00044173237500000746,1,0.9879034076545908,-0.00001209659234540912,0.000012096592345409164
0.0004422323750000075,1,0.9879637397859892,-0.00001203626021401092,0.00001203626021401083
0.0004427323750000075,1,0.9880237710090014,-0.000011976228990998603,0.000011976228990998594
0.0004432323750000075,1,0.9880835028244177,-0.000011916497175582224,0.000011916497175582297
0.0004437323750000075,1,0.9881429367255428,-0.000011857063274457172,0.000011857063274457236
0.0004442323750000075,1,0.9882020741982334,-0.000011797925801766652,0.00001179792580176664
0.00044473237500000754,1,0.9882609167209354,-0.00001173908327906461,0.000011739083279064589
0.00044523237500000755,1,0.9883194657647212,-0.000011680534235278869,0.000011680534235278816
0.00044573237500000756,1,0.988377722793326,-0.000011622277206674043,0.00001162227720667397
0.0004462323750000076,1,0.9884356892631846,-0.000011564310736815334,0.000011564310736815408
0.0004467323750000076,1,0.9884933666234678,-0.000011506633376532314,0.000011506633376532238
0.0004472323750000076,1,0.9885507563161188,-0.000011449243683881198,0.000011449243683881227
0.0004477323750000076,1,0.9886078597758888,-0.000011392140224111228,0.000011392140224111169
0.0004482323750000076,1,0.9886646784303732,-0.000011335321569626734,0.0000113353215696268
0.00044873237500000764,1,0.988721213700047,-0.000011278786299953082,0.000011278786299953048
0.00044923237500000765,1,0.9887774669983008,-0.000011222533001699168,0.000011222533001699175
0.00044973237500000766,1,0.9888334397314763,-0.000011166560268523803,0.000011166560268523696
0.00045023237500000767,1,0.9888891332989003,-0.000011110866701099717,0.00001111086670109973
0.0004507323750000077,1,0.9889445490929206,-0.000011055450907079302,0.000011055450907079378
0.0004512323750000077,1,0.9889996884989409,-0.000011000311501059047,0.000011000311501059067
0.0004517323750000077,1,0.9890545528954549,-0.000010945447104545062,0.000010945447104545147
0.0004522323750000077,1,0.9891091436540809,-0.000010890856345919034,0.00001089085634591913
0.00045273237500000773,1,0.9891634621395965,-0.00001083653786040353,0.000010836537860403506
0.00045323237500000774,1,0.9892175097099725,-0.000010782490290027523,0.000010782490290027535
0.00045373237500000776,1,0.9892712877164065,-0.000010728712283593431,0.000010728712283593511
0.00045423237500000777,1,0.989324797503357,-0.000010675202496643072,0.000010675202496643
0.0004547323750000078,1,0.9893780404085771,-0.00001062195959142297,0.00001062195959142287
0.0004552323750000078,1,0.9894310177631479,-0.000010568982236852046,0.000010568982236852099
0.0004557323750000078,1,0.9894837308915113,-0.000010516269108488659,0.000010516269108488684
0.0004562323750000078,1,0.9895361811115037,-0.000010463818888496344,0.000010463818888496346
0.00045673237500000783,1,0.9895883697343889,-0.00001041163026561107,0.000010411630265611093
0.00045723237500000784,1,0.9896402980648907,-0.000010359701935109362,0.000010359701935109267
0.00045773237500000785,1,0.9896919674012253,-0.000010308032598774696,0.000010308032598774664
0.00045823237500000787,1,0.9897433790351344,-0.000010256620964865619,0.00001025662096486557
0.0004587323750000079,1,0.9897945342519169,-0.000010205465748083222,0.00001020546574808312
0.0004592323750000079,1,0.9898454343304609,-0.000010154565669539053,0.000010154565669539096
0.0004597323750000079,1,0.9898960805432764,-0.00001010391945672367,0.00001010391945672362
0.0004602323750000079,1,0.9899464741565267,-0.00001005352584347325,0.0000100535258434733
0.0004607323750000079,1,0.9899966164300601,-0.000010003383569939881,0.000010003383569939905
0.00046123237500000794,1,0.9900465086174413,-0.00000995349138255882,0.000009953491382558744
0.00046173237500000795,1,0.9900961519659827,-0.000009903848034017266,0.000009903848034017337
0.00046223237500000796,1,0.9901455477167758,-0.000009854452283224223,0.000009854452283224235
0.000462732375000008,1,0.9901946971047221,-0.00000980530289527797,0.000009805302895277922
0.000463232375000008,1,0.9902436013585638,-0.000009756398641436138,0.000009756398641436182
0.000463732375000008,1,0.9902922617009151,-0.00000970773829908492,0.00000970773829908489
0.000464232375000008,1,0.9903406793482922,-0.000009659320651707846,0.000009659320651707826
0.000464732375000008,1,0.9903888555111435,-0.000009611144488856508,0.00000961114448885647
0.00046523237500000804,1,0.9904367913938809,-0.000009563208606119117,0.000009563208606119144
0.00046573237500000805,1,0.9904844881949089,-0.000009515511805091234,0.000009515511805091138
0.00046623237500000806,1,0.9905319471066549,-0.000009468052893344975,0.000009468052893345069
0.00046673237500000807,1,0.9905791693155992,-0.000009420830684400824,0.000009420830684400805
0.0004672323750000081,1,0.9906261560023043,-0.000009373843997695754,0.000009373843997695696
0.0004677323750000081,1,0.990672908341445,-0.000009327091658555041,0.000009327091658555053
0.0004682323750000081,1,0.9907194275018368,-0.000009280572498163208,0.000009280572498163164
0.0004687323750000081,1,0.990765714646466,-0.000009234285353534096,0.00000923428535353399
0.00046923237500000813,1,0.9908117709325184,-0.000009188229067481598,0.000009188229067481623
0.00046973237500000815,1,0.9908575975114083,-0.000009142402488591678,0.000009142402488591661
0.00047023237500000816,1,0.9909031955288077,-0.00000909680447119224,0.000009096804471192321
0.00047073237500000817,1,0.990948566124674,-0.000009051433875326012,0.000009051433875326031
0.0004712323750000082,1,0.990993710433279,-0.000009006289566721067,0.000009006289566721004
0.0004717323750000082,1,0.9910386295832375,-0.000008961370416762406,0.000008961370416762482
0.0004722323750000082,1,0.9910833246975355,-0.000008916675302464644,0.00000891667530246454
0.0004727323750000082,1,0.9911277968935577,-0.000008872203106442302,0.000008872203106442322
0.00047323237500000823,1,0.9911720472831159,-0.000008827952716883997,0.00000882795271688408
0.00047373237500000824,1,0.9912160769724767,-0.000008783923027523392,0.000008783923027523289
0.00047423237500000825,1,0.9912598870623893,-0.000008740112937610572,0.000008740112937610677
0.00047473237500000827,1,0.9913034786481131,-0.000008696521351886886,0.00000869652135188692
0.0004752323750000083,1,0.9913468528194442,-0.00000865314718055568,0.000008653147180555764
0.0004757323750000083,1,0.9913900106607437,-0.000008609989339256269,0.000008609989339256274
0.0004762323750000083,1,0.9914329532509644,-0.000008567046749035538,0.000008567046749035633
0.0004767323750000083,1,0.9914756816636776,-0.000008524318336322351,0.00000852431833632239
0.00047723237500000833,1,0.9915181969671006,-0.000008481803032899362,0.00000848180303289936
0.00047773237500000834,1,0.9915605002241226,-0.000008439499775877426,0.000008439499775877435
0.00047823237500000835,1,0.9916025924923313,-0.000008397407507668717,0.000008397407507668708
0.00047873237500000836,1,0.9916444748240403,-0.000008355525175959616,0.00000835552517595972
0.0004792323750000084,1,0.9916861482663144,-0.00000831385173368556,0.000008313851733685595
0.0004797323750000084,1,0.9917276138609962,-0.000008272386139003725,0.000008272386139003828
0.0004802323750000084,1,0.9917688726447318,-0.000008231127355268295,0.000008231127355268209
0.0004807323750000084,1,0.9918099256489974,-0.000008190074351002502,0.000008190074351002607
0.0004812323750000084,1,0.9918507739001245,-0.000008149226099875414,0.000008149226099875451
0.00048173237500000844,1,0.9918914184193259,-0.00000810858158067397,0.000008108581580674067
0.00048223237500000845,1,0.9919318602227208,-0.000008068139777279125,0.000008068139777279159
0.00048273237500000846,1,0.9919721003213606,-0.000008027899678639391,0.000008027899678639372
0.0004832323750000085,1,0.992012139721254,-0.000007987860278745908,0.000007987860278745984
0.0004837323750000085,1,0.9920519794233923,-0.000007948020576607718,0.000007948020576607706
0.0004842323750000085,1,0.9920916204237742,-0.00000790837957622575,0.00000790837957622581
0.0004847323750000085,1,0.992131063713431,-0.00000786893628656896,0.000007868936286569039
0.0004852323750000085,1,0.9921703102784513,-0.00000782968972154875,0.000007829689721548738
0.00048573237500000853,1,0.9922093611000051,-0.000007790638899994899,0.000007790638899994873
0.00048623237500000855,1,0.9922482171543692,-0.000007751782845630837,0.000007751782845630828
0.00048673237500000856,1,0.9922868794129508,-0.000007713120587049148,0.000007713120587049205
0.00048723237500000857,1,0.9923253488423124,-0.000007674651157687715,0.000007674651157687618
0.0004877323750000086,1,0.992363626404196,-0.000007636373595804134,0.000007636373595804047
0.0004882323750000086,1,0.9924017130555466,-0.000007598286944453378,0.000007598286944453414
0.0004887323750000086,1,0.9924396097485364,-0.000007560390251463512,0.0000075603902514636
0.0004892323750000085,1,0.9924773174305885,-0.000007522682569411406,0.0000075226825694114655
0.0004897323750000085,1,0.9925148370444009,-0.000007485162955599102,0.00000748516295559909
0.0004902323750000084,1,0.9925521695279698,-0.000007447830472030173,0.000007447830472030237
0.0004907323750000084,1,0.9925893158146132,-0.000007410684185386743,0.000007410684185386818
0.0004912323750000083,1,0.9926262768329941,-0.0000073737231670058506,0.000007373723167005908
0.0004917323750000083,1,0.9926630535071435,-0.000007336946492856461,0.000007336946492856544
0.0004922323750000083,1,0.9926996467564841,-0.000007300353243515833,0.000007300353243515856
0.0004927323750000082,1,0.9927360574958531,-0.000007263942504146751,0.000007263942504146859
0.0004932323750000082,1,0.9927722866355246,-0.000007227713364475405,0.000007227713364475363
0.0004937323750000081,1,0.9928083350812328,-0.000007191664918767323,0.0000071916649187672155
0.0004942323750000081,1,0.9928442037341941,-0.000007155796265805904,0.000007155796265805869
0.000494732375000008,1,0.9928798934911307,-0.000007120106508869215,0.000007120106508869295
0.000495232375000008,1,0.992915405244292,-0.000007084594755708091,0.0000070845947557079955
0.000495732375000008,1,0.9929507398814774,-0.000007049260118522499,0.000007049260118522582
0.0004962323750000079,1,0.9929858982860584,-0.000007014101713941588,0.000007014101713941567
0.0004967323750000079,1,0.9930208813370005,-0.000006979118662999405,0.000006979118662999495
0.0004972323750000078,1,0.9930556899088856,-0.000006944310091114509,0.000006944310091114403
0.0004977323750000078,1,0.9930903248719335,-0.0000069096751280665544,0.000006909675128066506
0.0004982323750000078,1,0.9931247870920236,-0.000006875212907976342,0.000006875212907976436
0.0004987323750000077,1,0.9931590774307166,-0.000006840922569283266,0.00000684092256928337
0.0004992323750000077,1,0.9931931967452765,-0.000006806803254723413,0.000006806803254723492
0.0004997323750000076,1,0.9932271458886915,-0.00000677285411130853,0.000006772854111308457
0.0005,1,0.9932452475172647,-0.000006754752482735285,0.0000067547524827352715
