time,v(vin),v(vout)
0,0,-8.629844532027201e-28
0.0000000125,0.0003926990812949965,0.00000000000015298970375148437
0.0000000375,0.0011780972341955281,0.0000000000004660266707137494
0.0000000875,0.002748893433412517,0.000000000001121352801794695
0.0000001875,0.005890484862900438,0.0000000000025576728193791704
0.0000003875,0.012173659505216245,0.0000000000060107662436583965
0.0000007875,0.024739941196277763,0.000000000016026567091362894
0.0000015875,0.049871956391179424,0.0000000000587728823100144
0.0000031875,0.10013157160934523,0.000000000470113325585045
0.0000061875,0.19433708208518552,0.000000018320769287415168
0.0000091875,0.28847354552111987,0.0000006979766520734709
0.0000121875,0.38250751567993135,0.00002644669678979784
0.0000151875,0.4764055827397765,0.0009623463946190449
0.0000181875,0.5701343851645356,0.01838872835736156
0.0000211875,0.6636606215570079,0.07541400061954488
0.0000241875,0.7569510624907394,0.1507842556903797
0.000027187499999999997,0.8499725623162797,0.23259479255366447
0.000030187499999999995,0.9426920709376738,0.3172836857194319
0.000033187499999999994,1.035076645555003,0.4034539841977663
0.00003618749999999999,1.1270934623688063,0.4904175439991508
0.00003918749999999999,1.2187098282422184,0.5777955142144823
0.00004218749999999999,1.3098931923166868,0.6653313938537765
0.00004518749999999999,1.4006111575771363,0.7528534512969887
0.000048187499999999985,1.490831492362474,0.8402339309367817
0.000051187499999999984,1.5805221418173447,0.9273725938926723
0.00005418749999999998,1.6696512392810712,1.0141872712447788
0.00005718749999999998,1.7581871176097221,1.1006081602669044
0.00006018749999999998,1.846098320427302,1.186574224792915
0.00006318749999999998,1.9333536133020492,1.2720308373959621
0.00006618749999999999,2.0199219948438816,1.3569281855224917
0.0000691875,2.105772707719043,1.441220164671316
0.0000721875,2.190875249578037,1.5248635918201818
0.0000751875,2.275199383892967,1.6078176351806324
0.00007818750000000001,2.3587151507004305,1.6900433935905081
0.00008118750000000002,2.44139287724615,1.7715035816096831
0.00008418750000000002,2.5232031885275648,1.8521622906938309
0.00008718750000000003,2.6041170177306254,1.931984806048767
0.00009018750000000003,2.684105616557097,2.010937464855198
0.00009318750000000004,2.7631405654386914,2.0889875456522233
0.00009618750000000004,2.8411937836344054,2.166103181479155
0.00009918750000000005,2.9182375392074733,2.2422532913362225
0.00010218750000000005,2.994244458878393,2.3174075259140525
0.00010518750000000006,3.069187537750522,2.3915362245400122
0.00010818750000000006,3.1430401489047877,2.4646103810163096
0.00011118750000000007,3.215776052860103,2.536601616560188
0.00011418750000000007,3.287369406896135,2.607482158455585
0.00011718750000000008,3.357794774235093,2.677224823326033
0.00012018750000000008,3.427027133079302,2.745803004167006
0.0001231875000000001,3.4950418855013226,2.813190660451105
0.00012618750000000008,3.5618148661834788,2.8793623107550883
0.00012918750000000007,3.6273223510036816,2.9442930274634627
0.00013218750000000006,3.691541065464496,3.007958433186446
0.00013518750000000005,3.7544481929624594,3.0703346985958833
0.00013818750000000005,3.8160213828947116,3.131398541435035
0.00014118750000000004,3.8762387586000573,3.1911272265002157
0.00014418750000000003,3.935078925131641,3.2494985664260803
0.00014718750000000002,3.9925209768584677,3.306490923133858
0.0001501875,4.048544504893076,3.3620832098242537
0.0001531875,4.10312960434272,3.416254893415081
0.0001561875,4.156256881381475,3.468985997338861
0.0001591875,4.207907460140785,3.520257104628138
0.00016218749999999998,4.258062989415953,3.5700493612266913
0.00016518749999999997,4.306705649186252,3.618344479473536
0.00016818749999999996,4.353818156946282,3.6651247417138975
0.00017118749999999995,4.399383773846368,3.7103730039975327
0.00017418749999999994,4.4433863106397915,3.754072699829937
0.00017718749999999994,4.485810133434753,3.796207843946427
0.00018018749999999993,4.52664016924902,3.8367630360828593
0.00018318749999999992,4.565861911365283,3.8757234647199597
0.0001861874999999999,4.603461424485329,3.9130749107810217
0.0001891874999999999,4.63942534968118,3.9488037512651104
0.0001921874999999999,4.67374090914146,3.9828969628000053
0.00019518749999999989,4.706395910711293,4.015342125100894
0.00019818749999999988,4.7373787522241075,4.046127424322377
0.00020118749999999987,4.766678425623846,4.075241656292794
0.00020418749999999986,4.7942845208760625,4.102674229620984
0.00020718749999999985,4.820187229666563,4.128415168666762
0.00021018749999999984,4.844377348886254,4.152455116367272
0.00021318749999999984,4.866846283900959,4.174785336912239
0.00021618749999999983,4.887586051605058,4.195397718261919
0.00021918749999999982,4.906589283257839,4.214284774502181
0.0002221874999999998,4.923849227101583,4.23143964803182
0.0002251874999999998,4.939359750760426,4.246856111577695
0.0002281874999999998,4.953115343419169,4.260528570033866
0.00023118749999999979,4.9651111177812375,4.272452062121306
0.00023418749999999978,4.975342811805122,4.282622261865235
0.00023718749999999977,4.983806790218654,4.291035479887517
0.00024018749999999976,4.990500045810605,4.29768866451195
0.00024318749999999975,4.995420200499135,4.302579402680589
0.00024618749999999977,4.9985655061767105,4.30570592067966
0.0002491874999999998,4.999934845331201,4.307067084673874
0.0002521874999999998,4.9995277314429245,4.306662401048317
0.0002551874999999998,4.9973443091575085,4.304492016557371
0.00025818749999999985,4.993385354234493,4.3005567182804265
0.00026118749999999986,4.987652273271712,4.2948579333844785
0.0002641874999999999,4.980147103205532,4.28739772869396
0.0002671874999999999,4.970872510587141,4.278178810068483
0.0002701874999999999,4.9598317906351355,4.267204521589492
0.00027318749999999994,4.947028866064741,4.254478844557124
0.00027618749999999996,4.932468285694096,4.240006396298919
0.0002791875,4.916155222828073,4.223792428792366
0.0002821875,4.898095473420233,4.205842827103629
0.0002851875,4.878295454013546,4.186164107645219
0.00028818750000000003,4.856762199460628,4.164763416255731
0.00029118750000000005,4.833503360424288,4.141648526105289
0.00029418750000000007,4.808527200659285,4.116827835430761
0.0002971875000000001,4.781842594076259,4.090310365105384
0.0003001875000000001,4.753459021588864,4.062105756047988
0.0003031875000000001,4.723386567745256,4.032224266477673
0.00030618750000000014,4.69163591714509,4.000676769020494
0.00030918750000000016,4.658218350643341,3.9674747476754795
0.0003121875000000002,4.623145741342264,3.9326302946482743
0.0003151875000000002,4.586430550372943,3.8961561070615742
0.0003181875000000002,4.548085822467904,3.8580654835527795
0.00032118750000000024,4.50812518132639,3.81837232077047
0.00032418750000000026,4.466562824773921,3.777091109782844
0.0003271875000000003,4.423413519717875,3.734236932412873
0.0003301875000000003,4.37869259690088,3.6898254575168794
0.0003331875000000003,4.3324159454538655,3.643872937225443
0.00033618750000000033,4.284600007250743,3.596396203168113
0.00033918750000000035,4.235261771066672,3.5474126627063196
0.00034218750000000037,4.1844187665420405,3.49694029520245
0.0003451875000000004,4.132089057954261,3.4449976483569893
0.0003481875000000004,4.078291237799619,3.3916038346504767
0.0003511875000000004,4.023044420187452,3.33677852793261
0.00035418750000000044,3.9663682340489927,3.280541960207494
0.00035718750000000046,3.9082828161633065,3.2229149186719472
0.0003601875000000005,3.8488088040027875,3.1639187430732245
0.0003631875000000005,3.787967328400763,3.1035753234638657
0.0003661875000000005,3.725780006043812,3.0419070984450274
0.00036918750000000054,3.6622689317914547,2.978937054006187
0.00037218750000000056,3.5974566708259568,2.914688723089236
0.0003751875000000006,3.531366250635031,2.849186186029569
0.0003781875000000006,3.4640211528302705,2.7824540720569524
0.0003811875000000006,3.3954453048042548,2.714517562076412
0.00038418750000000063,3.325663071229256,2.6454023929956954
0.00038718750000000065,3.2546992454005856,2.5751348639240557
0.00039018750000000067,3.18257904042766,2.503741844640196
0.0003931875000000007,3.1093280802758954,2.431250786819914
0.0003961875000000007,3.034972390662642,2.3576897386324442
0.0003991875000000007,2.9595383898103647,2.2830873634667475
0.00040218750000000074,2.8830528790603793,2.207472963746771
0.00040518750000000076,2.805543033350462,2.130876511053302
0.0004081875000000008,2.7270363915597184,2.0533286841118947
0.0004111875000000008,2.6475608467241587,1.9748609166624014
0.0004141875000000008,2.567144636126431,1.8955054578408188
0.00041718750000000084,2.4858163312632504,1.8152954485436463
0.00042018750000000086,2.4036048276940796,1.734265018404919
0.0004231875000000009,2.320539334774677,1.6524494096408047
0.0004261875000000009,2.236649365279151,1.569885136326183
0.0004291875000000009,2.151964724914211,1.486610191003945
0.00043218750000000093,2.066515501729343,1.4026643154332576
0.00043518750000000095,1.9803320554266681,1.3180893596373877
0.00043818750000000097,1.893445006574287,1.2329297646773179
0.000441187500000001,1.8058852257269298,1.1472332222525354
0.000444187500000001,1.7176838224578075,1.0610515927153206
0.000447187500000001,1.6288721343055201,0.9744422103983162
0.00045018750000000104,1.539481715639981,0.8874697864867379
0.00045318750000000106,1.4495443264512986,0.800209265080876
0.0004561875000000011,1.3590919210656047,0.712750260187902
0.0004591875000000011,1.2681566367918327,0.6252042383738821
0.0004621875000000011,1.1767707825034859,0.5377167407676745
0.00046518750000000114,1.0849668271594486,0.4504894996331939
0.00046818750000000115,0.9927773882679214,0.3638285595853288
0.0004711875000000012,0.9002352202975671,0.2782245660489248
0.0004741875000000012,0.8073732030400173,0.1946075247526194
0.0004771875000000012,0.7142243299278301,0.11505254458050396
0.00048018750000000123,0.6208216963120832,0.04559168303957061
0.00048318750000000125,0.5271984877037522,0.005708460289583544
0.00048618750000000127,0.43338796798305795,0.00018793651805626774
0.0004891875000000012,0.3394234675809694,0.0000050037047037966996
0.0004921875000000012,0.24533837163705438,0.00000013168189233525398
0.0004951875000000012,0.15116610813790424,0.000000003443681004205762
0.0004981875000000011,0.05694013604032798,0.00000000008038606283091445
0.0005011875000000011,-0.037306066616458446,-0.000000000007636361992410137
0.000504187500000001,-0.13153901460541106,-0.000000000009999999992415685
0.000507187500000001,-0.2257252274088129,-0.000000000010000000004079575
0.000510187500000001,-0.31983124111373373,-0.000000000010000000004067597
0.000513187500000001,-0.413823620301601,-0.00000000001000000000405062
0.0005161875000000009,-0.5076689699276452,-0.000000000010000000004028634
0.0005191875000000009,-0.6013339471859998,-0.000000000010000000004001649
0.0005221875000000008,-0.6947852733562419,-0.000000000010000000003969741
0.0005251875000000008,-0.7879897456271645,-0.000000000010000000003932834
0.0005281875000000008,-0.88091424889357,-0.000000000010000000003890981
0.0005311875000000007,-0.9735257675219207,-0.000000000010000000003844179
0.0005341875000000007,-1.0657913970806288,-0.00000000001000000000379243
0.0005371875000000007,-1.1576783560308455,-0.000000000010000000003735885
0.0005401875000000006,-1.2491539973735868,-0.00000000001000000000367434
0.0005431875000000006,-1.3401858202490553,-0.000000000010000000003608
0.0005461875000000006,-1.4307414814840445,-0.000000000010000000003536814
0.0005491875000000005,-1.5207888070833044,-0.000000000010000000003460881
0.0005521875000000005,-1.6102958036608235,-0.000000000010000000003380102
0.0005551875000000005,-1.699230669806915,-0.000000000010000000003294576
0.0005581875000000004,-1.787561807387112,-0.000000000010000000003204305
0.0005611875000000004,-1.8752578327688305,-0.000000000010000000003109389
0.0005641875000000003,-1.9622875879718276,-0.000000000010000000003009728
0.0005671875000000003,-2.0486201517384828,-0.000000000010000000002905523
0.0005701875000000003,-2.1342248505199732,-0.000000000010000000002796875
0.0005731875000000002,-2.219071269374436,-0.000000000010000000002683278
0.0005761875000000002,-2.30312926277326,-0.000000000010000000002565542
0.0005791875000000002,-2.386368965311642,-0.000000000010000000002443363
0.0005821875000000001,-2.4687608023196264,-0.000000000010000000002316338
0.0005851875000000001,-2.5502755003698425,-0.000000000010000000002185273
0.0005881875000000001,-2.6308840976782157,-0.000000000010000000002049766
0.0005911875,-2.71055795439395,-0.00000000001000000000191022
0.0005941875,-2.789268762775128,-0.00000000001000000000176623
0.0005971875,-2.8669885572463243,-0.000000000010000000001618202
0.0006001874999999999,-2.943689724334636,-0.000000000010000000001465731
0.0006031874999999999,-3.019345012480617,-0.000000000010000000001309423
0.0006061874999999998,-3.093927541720632,-0.000000000010000000001148874
0.0006091874999999998,-3.1674108132371743,-0.000000000010000000000984488
0.0006121874999999998,-3.2397687187737754,-0.000000000010000000000816669
0.0006151874999999997,-3.310975549911136,-0.000000000010000000000644407
0.0006181874999999997,-3.381006007201214,-0.00000000001000000000046851
0.0006211874999999997,-3.4498352091559923,-0.000000000010000000000288978
0.0006241874999999996,-3.5174387010877557,-0.00000000001000000000010581
0.0006271874999999996,-3.5837924637977214,-0.000000000009999999999919008
0.0006301874999999996,-3.648872922109951,-0.000000000009999999999728773
0.0006331874999999995,-3.7126569532474942,-0.000000000009999999999534903
0.0006361874999999995,-3.775121895047804,-0.000000000009999999999337599
0.0006391874999999995,-3.8362455540144884,-0.000000000009999999999137064
0.0006421874999999994,-3.8960062132025697,-0.000000000009999999998933298
0.0006451874999999994,-3.954382639934393,-0.000000000009999999998726503
0.0006481874999999994,-4.011354093343511,-0.000000000009999999998516275
0.0006511874999999993,-4.0669003317437955,-0.000000000009999999998303421
0.0006541874999999993,-4.1210016198212385,-0.000000000009999999998087336
0.0006571874999999992,-4.173638735645795,-0.000000000009999999997868626
0.0006601874999999992,-4.224792977500849,-0.000000000009999999997646685
0.0006631874999999992,-4.274446170527848,-0.000000000009999999997422522
0.0006661874999999991,-4.322580673183738,-0.000000000009999999997195532
0.0006691874999999991,-4.369179383508925,-0.000000000009999999996965715
0.0006721874999999991,-4.414225745203513,-0.000000000009999999996733878
0.000675187499999999,-4.457703753509688,-0.000000000009999999996499416
0.000678187499999999,-4.499597960898123,-0.000000000009999999996262531
0.000681187499999999,-4.539893482556419,-0.000000000009999999996023626
0.0006841874999999989,-4.5785760016776,-0.0000000000099999999957825
0.0006871874999999989,-4.615631774546816,-0.000000000009999999995539354
0.0006901874999999989,-4.651047635424412,-0.000000000009999999995294188
0.0006931874999999988,-4.684811001223652,-0.000000000009999999995047205
0.0006961874999999988,-4.716909875981439,-0.000000000009999999994798405
0.0006991874999999987,-4.747332855120411,-0.000000000009999999994547787
0.0007021874999999987,-4.7760691295009465,-0.000000000009999999994295755
0.0007051874999999987,-4.803108489261586,-0.000000000009999999994042108
0.0007081874999999986,-4.8284413274465585,-0.000000000009999999993786845
0.0007111874999999986,-4.852058643419083,-0.000000000009999999993530775
0.0007141874999999986,-4.873952046059252,-0.000000000009999999993272685
0.0007171874999999985,-4.894113756745352,-0.000000000009999999993014191
0.0007201874999999985,-4.912536612117581,-0.000000000009999999992754081
0.0007231874999999985,-4.929214066623148,-0.000000000009999999992493164
0.0007261874999999984,-4.944140194841879,-0.000000000009999999992231843
0.0007291874999999984,-4.957309693591489,-0.000000000009999999991968906
0.0007321874999999984,-4.968717883811781,-0.000000000009999999991705565
0.0007351874999999983,-4.978360712227092,-0.00000000000999999999144182
0.0007381874999999983,-4.9862347527864,-0.000000000009999999991177268
0.0007411874999999982,-4.992337207880589,-0.000000000009999999990912312
0.0007441874999999982,-4.9966659093364205,-0.000000000009999999990646952
0.0007471874999999982,-4.99921931918688,-0.000000000009999999990381996
0.0007501874999999981,-4.999996530217604,-0.000000000009999999990116232
0.0007531874999999981,-4.998997266289217,-0.000000000009999999989850871
0.0007561874999999981,-4.996221882435431,-0.000000000009999999989585511
0.000759187499999998,-4.991671364736916,-0.000000000009999999989319747
0.000762187499999998,-4.985347329970944,-0.00000000000999999998905479
0.000765187499999998,-4.977252025036952,-0.000000000009999999988790238
0.0007681874999999979,-4.967388326158238,-0.000000000009999999988525686
0.0007711874999999979,-4.955759737860045,-0.000000000009999999988261941
0.0007741874999999979,-4.942370391724425,-0.000000000009999999987998197
0.0007771874999999978,-4.927225044922306,-0.000000000009999999987736068
0.0007801874999999978,-4.910329078523289,-0.000000000009999999987474343
0.0007831874999999978,-4.891688495583784,-0.00000000000999999998721383
0.0007861874999999977,-4.871309919014151,-0.00000000000999999998695372
0.0007891874999999977,-4.849200589225609,-0.000000000009999999986695226
0.0007921874999999976,-4.825368361557757,-0.00000000000999999998643754
0.0007951874999999976,-4.799821703487604,-0.000000000009999999986181065
0.0007981874999999976,-4.772569691621118,-0.000000000009999999985926206
0.0008011874999999975,-4.743622008468355,-0.000000000009999999985672963
0.0008041874999999975,-4.712988939003298,-0.00000000000999999998542073
0.0008071874999999975,-4.680681367009667,-0.000000000009999999985170313
0.0008101874999999974,-4.646710771213954,-0.000000000009999999984921715
0.0008131874999999974,-4.611089221207091,-0.000000000009999999984674732
0.0008161874999999974,-4.573829373156178,-0.00000000000999999998442997
0.0008191874999999973,-4.534944465307811,-0.000000000009999999984187229
0.0008221874999999973,-4.494448313284593,-0.000000000009999999983946506
0.0008251874999999973,-4.452355305176511,-0.0000000000099999999837074
0.0008281874999999972,-4.408680396428915,-0.000000000009999999983471322
0.0008311874999999972,-4.36343910452892,-0.000000000009999999983237061
0.0008341874999999971,-4.316647503492117,-0.000000000009999999983005225
0.0008371874999999971,-4.26832221815155,-0.000000000009999999982775811
0.0008401874999999971,-4.218480418250993,-0.000000000009999999982549023
0.000843187499999997,-4.167139812344624,-0.000000000009999999982325265
0.000846187499999997,-4.114318641505258,-0.000000000009999999982103929
0.000849187499999997,-4.0600356728433775,-0.000000000009999999981885421
0.0008521874999999969,-4.004310192839276,-0.00000000000999999998166974
0.0008551874999999969,-3.9471620004906542,-0.000000000009999999981456886
0.0008581874999999969,-3.888611400278135,-0.000000000009999999981247264
0.0008611874999999968,-3.82867919495118,-0.000000000009999999981040873
0.0008641874999999968,-3.7673866781369663,-0.00000000000999999998083751
0.0008671874999999968,-3.704755626774867,-0.00000000000999999998063738
0.0008701874999999967,-3.640808293379203,-0.000000000009999999980440682
0.0008731874999999967,-3.575567398133042,-0.000000000009999999980247418
0.0008761874999999967,-3.509056120815811,-0.000000000009999999980057384
0.0008791874999999966,-3.4412980925676395,-0.000000000009999999979870986
0.0008821874999999966,-3.372317387493325,-0.000000000009999999979688222
0.0008851874999999965,-3.302138514108922,-0.000000000009999999979509296
0.0008881874999999965,-3.230786406633978,-0.000000000009999999979333803
0.0008911874999999965,-3.1582864161325275,-0.000000000009999999979162349
0.0008941874999999964,-3.0846643015059794,-0.00000000000999999997899453
0.0008971874999999964,-3.0099462203410985,-0.00000000000999999997883075
0.0009001874999999964,-2.9341587196163452,-0.000000000009999999978670806
0.0009031874999999963,-2.8573287262698557,-0.000000000009999999978514902
0.0009061874999999963,-2.7794835376324296,-0.000000000009999999978363037
0.0009091874999999963,-2.700650811728922,-0.000000000009999999978215413
0.0009121874999999962,-2.620858557451471,-0.000000000009999999978072231
0.0009151874999999962,-2.5401351246080885,-0.000000000009999999977932685
0.0009181874999999962,-2.4585091938500856,-0.000000000009999999977797985
0.0009211874999999961,-2.3760097664819897,-0.000000000009999999977667325
0.0009241874999999961,-2.292666154157514,-0.000000000009999999977541209
0.000927187499999996,-2.208507968465266,-0.000000000009999999977419534
0.000930187499999996,-2.1235651104078945,-0.000000000009999999977302202
0.000933187499999996,-2.0378677597784005,-0.000000000009999999977189415
0.0009361874999999959,-1.9514463644374056,-0.000000000009999999977081069
0.0009391874999999959,-1.864331629495168,-0.000000000009999999976977469
0.0009421874999999959,-1.7765545064022055,-0.000000000009999999976878514
0.0009451874999999958,-1.6881461819523924,-0.000000000009999999976784104
0.0009481874999999958,-1.5991380672024391,-0.00000000000999999997669444
0.0009511874999999958,-1.5095617863116932,-0.000000000009999999976609419
0.0009541874999999957,-1.4194491653062278,-0.000000000009999999976529346
0.0009571874999999957,-1.3288322207711991,-0.000000000009999999976453919
0.0009601874999999957,-1.2377431484755264,-0.000000000009999999976383337
0.0009631874999999956,-1.1462143119328603,-0.000000000009999999976317604
0.0009661874999999956,-1.054278230902999,-0.000000000009999999976256767
0.0009691874999999956,-0.9619675698377684,-0.000000000009999999976200776
0.0009721874999999955,-0.8693151262754966,-0.000000000009999999976149683
0.0009751874999999955,-0.7763538191882056,-0.000000000009999999976103488
0.0009781874999999956,-0.6831166772856528,-0.000000000009999999976062341
0.0009811874999999955,-0.5896368272804058,-0.00000000000999999997602604
0.0009841874999999955,-0.4959474821180512,-0.000000000009999999975994688
0.0009871874999999954,-0.4020819291768125,-0.000000000009999999975968359
0.0009901874999999954,-0.308073518440698,-0.00000000000999999997594699
0.0009931874999999954,-0.21395565065040983,-0.000000000009999999975930632
0.0009961874999999953,-0.1197617654362207,-0.000000000009999999975919272
0.0009991874999999953,-0.02552532943703186,-0.000000000006272691094233729
0.0010021874999999953,0.06872017559016409,0.00000000013252930811903602
0.0010051874999999952,0.1629412646661921,0.0000000054350629458849375
0.0010081874999999952,0.25710446148674826,0.00000020754167324026214
0.0010111874999999952,0.35117631031637586,0.000007881152114409005
0.0010141874999999951,0.445123387875111,0.0002946274352948854
0.001017187499999995,0.5389123152136418,0.008165073005387833
0.001020187499999995,0.6325097695726717,0.053259261560433736
0.001023187499999995,0.7258824962223422,0.1246406237084694
0.001026187499999995,0.8189973202774804,0.20489837047540035
0.001029187499999995,0.9118211584844762,0.2888418429013817
0.001032187499999995,1.0043210309756065,0.37461644925638177
0.0010351874999999949,1.0964640729866246,0.4613719370894567
0.0010381874999999948,1.1882175465334535,0.5486417464466931
0.0010411874999999948,1.279548852043837,0.6361469393747092
0.0010441874999999948,1.3704255399398124,0.7236895391163153
0.0010471874999999947,1.4608153221668903,0.8111294648058109
0.0010501874999999947,1.5506860836658465,0.898358611464437
0.0010531874999999947,1.640005893783051,0.9852895610385229
0.0010561874999999946,1.7287430176152805,1.0718488697016715
0.0010591874999999946,1.8168659272849608,1.1579728899350925
0.0010621874999999946,1.9043433131418983,1.2436050657730442
0.0010651874999999945,1.991144094887432,1.3286941225087094
0.0010681874999999945,2.07723743261712,1.4131928202334556
0.0010711874999999945,2.1625927377780103,1.4970570744905767
0.0010741874999999944,2.2471796840366083,1.5802453227932436
0.0010771874999999944,2.33096821805368,1.662718059926315
0.0010801874999999943,2.413928570162057,1.744437491676943
0.0010831874999999943,2.4960312649436616,1.8253672732921098
0.0010861874999999943,2.5772471317019785,1.9054723096138448
0.0010891874999999942,2.6575473148262683,1.9847186008190518
0.0010921874999999942,2.736903284043826,2.0630731223570016
0.0010951874999999942,2.815286844556651,2.1405037308590025
0.0010981874999999941,2.892670147058926,2.216979090001979
0.001101187499999994,2.9690256976317437,2.292468611863549
0.001104187499999994,3.044326367511556,2.3669424104190684
0.001107187499999994,3.1185454027289112,2.4403712646378737
0.001110187499999994,3.191656433613998,2.5127265892279844
0.001113187499999994,3.263633484165671,2.5839804115182172
0.001116187499999994,3.3344509812805962,2.654105353296457
0.0011191874999999939,3.404083763839254,2.723074616672871
0.0011221874999999938,3.4725070916455665,2.7908619732280378
0.0011251874999999938,3.53969665421697,2.8574417558535328
0.0011281874999999938,3.605628579421813,2.9227888528072747
0.0011311874999999937,3.6702794419610143,2.986878703595918
0.0011341874999999937,3.7336262716909547,3.0496872963675634
0.0011371874999999937,3.7956465617846655,3.111191166554612
0.0011401874999999936,3.856318276728394,3.171367396551661
0.0011431874999999936,3.9156198601507155,3.2301936162497737
0.0011461874999999936,3.973530242481414,3.287648004277906
0.0011491874999999935,4.030028848437389,3.3437092898261684
0.0011521874999999935,4.085095604332973,3.3983567549453415
0.0011551874999999935,4.138710945212002,3.4515702372330757
0.0011581874999999934,4.190855821799158,3.5033301328306488
0.0011611874999999934,4.241511707268082,3.553617399665174
0.0011641874999999934,4.290660603823874,3.6024135608814354
0.0011671874999999933,4.338285049097614,3.6497007084152226
0.0011701874999999933,4.384368122350665,3.695461506666603
0.0011731874999999932,4.428893450486532,3.7396791962370393
0.0011761874999999932,4.47184521386814,3.782337597698935
0.0011791874999999932,4.513208151938479,3.8234211153701856
0.0011821874999999931,4.552967568642608,3.8629147410696834
0.001185187499999993,4.59110933764909,3.900804057832646
0.001188187499999993,4.627619907369016,3.9370752435671754
0.001191187499999993,4.662486305770813,3.9717150746355925
0.001194187499999993,4.695696144989146,4.0047109293459915
0.001197187499999993,4.727237625726276,4.03605079134111
0.001200187499999993,4.757099541444285,4.065723252873022
0.0012031874999999929,4.785271282346711,4.09371751795345
0.0012061874999999929,4.8117428391481525,4.120023405370573
0.0012091874999999928,4.836504806630526,4.144631351564247
0.0012121874999999928,4.8595483869846925,4.167532413352344
0.0012151874999999927,4.880865392936276,4.18871827050178
0.0012181874999999927,4.900448250654567,4.208181228138475
0.0012211874999999927,4.918290002443462,4.225914218991089
0.0012241874999999926,4.934384309213508,4.241910805464014
0.0012271874999999926,4.948725452734143,4.256165181535571
0.0012301874999999926,4.961308337665363,4.268672174477886
0.0012331874999999925,4.972128493368065,4.2794272463953105
0.0012361874999999925,4.981182075492451,4.288426495578744
0.0012391874999999925,4.9884658673438995,4.295666657673488
0.0012421874999999924,4.993977281025851,4.30114510665876
0.0012451874999999924,4.997714358359265,4.304859855637213
0.0012481874999999924,4.999675771578361,4.306809557433224
0.0012511874999999923,4.999860823802361,4.306993504999007
0.0012541874999999923,4.998269449283093,4.305411631627886
0.0012571874999999923,4.994902213428343,4.3020645109744295
0.0012601874999999922,4.98976031260098,4.296953356881388
0.0012631874999999922,4.982845573693881,4.290080023013716
0.0012661874999999921,4.974160453480857,4.281447002300261
0.0012691874999999921,4.963708037743763,4.271057426183974
0.001272187499999992,4.951492040176141,4.258915063681873
0.001275187499999992,4.937516801063756,4.245024320256265
0.001278187499999992,4.921787285742524,4.229390236499106
0.001281187499999992,4.904309082834338,4.212018486631713
0.001284187499999992,4.885088402261468,4.192915376822463
0.001287187499999992,4.8641320730401985,4.1720878433254525
0.0012901874999999919,4.841447540854519,4.149543450443627
0.0012931874999999918,4.817042865410695,4.125290388320233
0.0012961874999999918,4.790926717573711,4.099337470563114
0.0012991874999999918,4.763108376286534,4.071694131706762
0.0013021874999999917,4.733597725273365,4.042370424517838
0.0013051874999999917,4.7024052495279935,4.011377017150401
0.0013081874999999916,4.669542031588519,3.9787251901579457
0.0013111874999999916,4.6350197475998005,3.94442683337021
0.0013141874999999916,4.598850663164949,3.9084944426435606
0.0013171874999999915,4.56104762898745,3.870941116495042
0.0013201874999999915,4.521624076305334,3.831780552631169
0.0013231874999999915,4.480594012119157,3.791027044384185
0.0013261874999999914,4.437972014215347,3.748695477069859
0.0013291874999999914,4.393773225986819,3.7048013242829696
0.0013321874999999914,4.348013351052563,3.6593606441484887
0.0013351874999999913,4.300708647678261,3.612390075549157
0.0013381874999999913,4.2518759229997665,3.5639068343527147
0.0013411874999999913,4.201532527051644,3.5139287096656298
0.0013441874999999912,4.149696346602748,3.4624740601436694
0.0013471874999999912,4.096385798801173,3.409561810394555
0.0013501874999999912,4.041619824630713,3.3552114475129056
0.0013531874999999911,3.9854178821812076,3.299443017794191
0.001356187499999991,3.9277999397352055,3.2422771236818395
0.001359187499999991,3.8687864686732927,3.183734921010428
0.001362187499999991,3.8083984362007497,3.1238381166187685
0.001365187499999991,3.746657297897957,3.062608966419262
0.001368187499999991,3.683584990097378,3.000070274025713
0.001371187499999991,3.6192039220896364,2.9362453900602743
0.0013741874999999909,3.553536968161649,2.8711582122835586
0.0013771874999999908,3.4866074594694534,2.8048331867197507
0.0013801874999999908,3.4184391757488077,2.737295309983747
0.0013831874999999908,3.3490563368663135,2.6685701330601086
0.0013861874999999907,3.278483594214264,2.5986837668378846
0.0013891874999999907,3.2067460219520703,2.5276628897726447
0.0013921874999999907,3.133869108097577,2.4555347581330733
0.0013951874999999906,3.059878745471271,2.382327219398123
0.0013981874999999906,2.984801222496665,2.3080687295109334
0.0014011874999999905,2.908663213860197,2.2327883748767614
0.0014041874999999905,2.8314917710337806,2.156515900228185
0.0014071874999999905,2.7533143126636057,2.0792817437924174
0.0014101874999999904,2.6741586148283645,2.001117081608866
0.0014131874999999904,2.594052801170604,1.9220538834016572
0.0014161874999999904,2.513025332904469,1.842124983167171
0.0014191874999999903,2.4311049987036277,1.7613641686770631
0.0014221874999999903,2.3483209044727325,1.6798062955465833
0.0014251874999999903,2.2647024630062926,1.5974874335689937
0.0014281874999999902,2.1802793835383873,1.514445055962214
0.0014311874999999902,2.0950816611871765,1.4307182864793517
0.0014341874999999902,2.009139566297716,1.3463482257454256
0.0014371874999999901,1.9224836336871054,1.261378387931117
0.00144018749999999,1.8351446517955865,1.1758552940421194
0.00144318749999999,1.7471536517475341,1.0898292923216926
0.00144618749999999,1.658541896326303,1.003355716071768
0.00144918749999999,1.5693408688666413,0.916496556814319
0.00145218749999999,1.4795822620688814,0.8293229499601846
0.00145518749999999,1.3892979667386056,0.7419189897491408
0.0014581874999999899,1.2985200604560627,0.6543878155655902
0.0014611874999999898,1.2072807961790875,0.5668617861961769
0.0014641874999999898,1.1156125907838486,0.4795204896505419
0.0014671874999999898,1.0235480135472164,0.3926288027640864
0.0014701874999999897,0.9311197745751243,0.30659752008705377
0.0014731874999999897,0.8383607131807536,0.22216921653570765
0.0014761874999999897,0.745303786216952,0.14089194729707352
0.0014791874999999896,0.6519820563667509,0.06685226899786936
0.0014821874999999896,0.558428680396412,0.013907374060035104
0.0014851874999999896,0.4646768973749611,0.0006196484640663689
0.0014881874999999895,0.37076001686447807,0.000016798752739042946
0.0014911874999999895,0.2767114070854294,0.0000004429344608747453
0.0014941874999999894,0.18256448306102852,0.000000011617946681339967
0.0014971874999999894,0.08835269474510724,0.00000000029448126646111896
0.0015001874999999894,-0.005890484862564058,-0.0000000000020367410870767088
0.0015031874999999893,-0.10013157160900304,-0.000000000009999999998139597
0.0015061874999999893,-0.19433708208484654,-0.000000000010000000004082465
0.0015091874999999893,-0.28847354552077537,-0.00000000001000000000407214
0.0015121874999999892,-0.38250751567959035,-0.000000000010000000004056805
0.0015151874999999892,-0.47640558273943023,-0.00000000001000000000403651
0.0015181874999999892,-0.570134385164193,-0.00000000001000000000401119
0.0015211874999999891,-0.6636606215566604,-0.000000000010000000003980948
0.001524187499999989,-0.7569510624903958,-0.000000000010000000003945657
0.001527187499999989,-0.8499725623159402,-0.00000000001000000000390547
0.001530187499999989,-0.9426920709373297,-0.000000000010000000003860335
0.001533187499999989,-1.0350766455546632,-0.000000000010000000003810302
0.001536187499999989,-1.1270934623684623,-0.000000000010000000003755272
0.001539187499999989,-1.2187098282418791,-0.000000000010000000003695343
0.0015421874999999889,-1.3098931923163435,-0.000000000010000000003630618
0.0015451874999999888,-1.4006111575767977,-0.000000000010000000003561148
0.0015481874999999888,-1.4908314923621315,-0.000000000010000000003486629
0.0015511874999999888,-1.5805221418170077,-0.000000000010000000003407567
0.0015541874999999887,-1.6696512392807306,-0.000000000010000000003323656
0.0015571874999999887,-1.7581871176093868,-0.000000000010000000003234901
0.0015601874999999887,-1.8460983204269636,-0.000000000010000000003141499
0.0015631874999999886,-1.9333536133017162,-0.000000000010000000003043454
0.0015661874999999886,-2.019921994843546,-0.000000000010000000002940864
0.0015691874999999886,-2.105772707718713,-0.000000000010000000002833528
0.0015721874999999885,-2.190875249577712,-0.000000000010000000002721548
0.0015751874999999885,-2.27519938389264,-0.000000000010000000002605326
0.0015781874999999885,-2.358715150700109,-0.000000000010000000002484359
0.0015811874999999884,-2.4413928772458267,-0.000000000010000000002359151
0.0015841874999999884,-2.5232031885272472,-0.0000000000100000000022295
0.0015871874999999883,-2.6041170177303066,-0.000000000010000000002095608
0.0015901874999999883,-2.684105616556784,-0.000000000010000000001957274
0.0015931874999999883,-2.7631405654383774,-0.000000000010000000001814698
0.0015961874999999882,-2.8411937836340972,-0.000000000010000000001667881
0.0015991874999999882,-2.9182375392071647,-0.000000000010000000001517026
0.0016021874999999882,-2.994244458878091,-0.00000000001000000000136193
0.0016051874999999881,-3.06918753775022,-0.000000000010000000001202794
0.001608187499999988,-3.1430401489044915,-0.000000000010000000001040024
0.001611187499999988,-3.215776052859814,-0.000000000010000000000873013
0.001614187499999988,-3.287369406895846,-0.000000000010000000000702164
0.001617187499999988,-3.3577947742348115,-0.000000000010000000000527681
0.001620187499999988,-3.4270271330790214,-0.000000000010000000000349158
0.001623187499999988,-3.4950418855010486,-0.000000000010000000000167203
0.0016261874999999879,-3.5618148661832056,-0.000000000009999999999981612
0.0016291874999999879,-3.627322351003416,-0.000000000009999999999792387
0.0016321874999999878,-3.6915410654642318,-0.000000000009999999999599728
0.0016351874999999878,-3.754448192962203,-0.000000000009999999999403636
0.0016381874999999877,-3.816021382894457,-0.000000000009999999999204313
0.0016411874999999877,-3.8762387585998104,-0.000000000009999999999001557
0.0016441874999999877,-3.9350789251313967,-0.000000000009999999998795771
0.0016471874999999876,-3.9925209768582315,-0.000000000009999999998586755
0.0016501874999999876,-4.048544504892843,-0.000000000009999999998374911
0.0016531874999999876,-4.103129604342494,-0.000000000009999999998159836
0.0016561874999999875,-4.156256881381258,-0.000000000009999999997941732
0.0016591874999999875,-4.20790746014057,-0.000000000009999999997721002
0.0016621874999999875,-4.2580629894157465,-0.000000000009999999997497445
0.0016651874999999874,-4.306705649186048,-0.000000000009999999997271465
0.0016681874999999874,-4.353818156946087,-0.00000000000999999999704286
0.0016711874999999874,-4.399383773846177,-0.000000000009999999996811427
0.0016741874999999873,-4.4433863106396085,-0.000000000009999999996577772
0.0016771874999999873,-4.485810133434574,-0.000000000009999999996341897
0.0016801874999999872,-4.526640169248848,-0.000000000009999999996103597
0.0016831874999999872,-4.565861911365117,-0.000000000009999999995863077
0.0016861874999999872,-4.603461424485172,-0.00000000000999999999562094
0.0016891874999999871,-4.639425349681027,-0.00000000000999999999537618
0.001692187499999987,-4.6737409091413165,-0.000000000009999999995129802
0.001695187499999987,-4.706395910711153,-0.000000000009999999994881608
0.001698187499999987,-4.737378752223977,-0.000000000009999999994631394
0.001701187499999987,-4.7666784256237245,-0.00000000000999999999438017
0.001704187499999987,-4.794284520875946,-0.000000000009999999994126927
0.001707187499999987,-4.820187229666455,-0.000000000009999999993872472
0.001710187499999987,-4.844377348886152,-0.000000000009999999993616401
0.0017131874999999869,-4.866846283900865,-0.000000000009999999993358715
0.0017161874999999868,-4.88758605160497,-0.000000000009999999993100221
0.0017191874999999868,-4.90658928325776,-0.00000000000999999999284092
0.0017221874999999867,-4.92384922710151,-0.000000000009999999992580406
0.0017251874999999867,-4.939359750760362,-0.000000000009999999992319085
0.0017281874999999867,-4.953115343419111,-0.000000000009999999992056552
0.0017311874999999866,-4.9651111177811895,-0.000000000009999999991793211
0.0017341874999999866,-4.97534281180508,-0.00000000000999999999152987
0.0017371874999999866,-4.983806790218621,-0.000000000009999999991265318
0.0017401874999999865,-4.990500045810579,-0.000000000009999999991000765
0.0017431874999999865,-4.995420200499117,-0.000000000009999999990735809
0.0017461874999999865,-4.998565506176701,-0.000000000009999999990470045
0.0017491874999999864,-4.9999348453311985,-0.000000000009999999990205089
0.0017521874999999864,-4.999527731442931,-0.000000000009999999989939729
0.0017551874999999864,-4.997344309157522,-0.000000000009999999989673965
0.0017581874999999863,-4.993385354234515,-0.0000000000099999999894082
0.0017611874999999863,-4.987652273271742,-0.000000000009999999989143244
0.0017641874999999863,-4.98014710320557,-0.000000000009999999988878288
0.0017671874999999862,-4.9708725105871885,-0.000000000009999999988613735
0.0017701874999999862,-4.9598317906351905,-0.000000000009999999988349991
0.0017731874999999861,-4.947028866064805,-0.000000000009999999988086246
0.0017761874999999861,-4.932468285694168,-0.000000000009999999987823713
0.001779187499999986,-4.916155222828154,-0.000000000009999999987561584
0.001782187499999986,-4.898095473420322,-0.000000000009999999987300263
0.001785187499999986,-4.878295454013645,-0.000000000009999999987040154
0.001788187499999986,-4.856762199460734,-0.000000000009999999986781256
0.001791187499999986,-4.833503360424402,-0.000000000009999999986523166
0.001794187499999986,-4.808527200659409,-0.000000000009999999986266691
0.0017971874999999859,-4.78184259407639,-0.000000000009999999986011025
0.0018001874999999858,-4.753459021589006,-0.000000000009999999985756974
0.0018031874999999858,-4.723386567745404,-0.00000000000999999998550474
0.0018061874999999858,-4.691635917145248,-0.00000000000999999998525392
0.0018091874999999857,-4.658218350643507,-0.000000000009999999985004514
0.0018121874999999857,-4.623145741342441,-0.000000000009999999984756925
0.0018151874999999856,-4.586430550373126,-0.000000000009999999984511356
0.0018181874999999856,-4.548085822468098,-0.000000000009999999984267806
0.0018211874999999856,-4.508125181326591,-0.000000000009999999984026478
0.0018241874999999855,-4.466562824774131,-0.000000000009999999983786765
0.0018271874999999855,-4.4234135197180935,-0.00000000000999999998354988
0.0018301874999999855,-4.378692596901109,-0.00000000000999999998331461
0.0018331874999999854,-4.332415945454102,-0.000000000009999999983082167
0.0018361874999999854,-4.284600007250986,-0.000000000009999999982851946
0.0018391874999999854,-4.235261771066925,-0.00000000000999999998262435
0.0018421874999999853,-4.1844187665423,-0.000000000009999999982399582
0.0018451874999999853,-4.132089057954531,-0.000000000009999999982177438
0.0018481874999999853,-4.0782912377998946,-0.00000000000999999998195792
0.0018511874999999852,-4.023044420187739,-0.00000000000999999998174123
0.0018541874999999852,-3.966368234049286,-0.000000000009999999981527568
0.0018571874999999852,-3.9082828161636107,-0.000000000009999999981316936
0.0018601874999999851,-3.848808804003098,-0.000000000009999999981109333
0.001863187499999985,-3.7879673284010846,-0.000000000009999999980905163
0.001866187499999985,-3.725780006044139,-0.000000000009999999980703821
0.001869187499999985,-3.6622689317917927,-0.000000000009999999980505911
0.001872187499999985,-3.5974566708263005,-0.000000000009999999980311233
0.001875187499999985,-3.5313662506353847,-0.00000000000999999998012019
0.001878187499999985,-3.4640211528306293,-0.000000000009999999979932984
0.0018811874999999849,-3.395445304804618,-0.000000000009999999979748807
0.0018841874999999848,-3.32566307122963,-0.000000000009999999979568467
0.0018871874999999848,-3.254699245400965,-0.000000000009999999979391762
0.0018901874999999848,-3.1825790404280503,-0.000000000009999999979218894
0.0018931874999999847,-3.10932808027629,-0.000000000009999999979049864
0.0018961874999999847,-3.034972390663047,-0.00000000000999999997888467
0.0018991874999999847,-2.959538389810774,-0.000000000009999999978723515
0.0019021874999999846,-2.8830528790608003,-0.000000000009999999978566399
0.0019051874999999846,-2.805543033350885,-0.00000000000999999997841312
0.0019081874999999845,-2.7270363915601514,-0.000000000009999999978264082
0.0019111874999999845,-2.6475608467245952,-0.000000000009999999978119487
0.0019141874999999845,-2.5671446361268786,-0.000000000009999999977978931
0.0019171874999999844,-2.4858163312637007,-0.000000000009999999977842616
0.0019201874999999844,-2.4036048276945405,-0.000000000009999999977710542
0.0019231874999999844,-2.3205393347751406,-0.00000000000999999997758281
0.0019261874999999843,-2.236649365279617,-0.00000000000999999997745952
0.0019291874999999843,-2.1519647249146874,-0.000000000009999999977340674
0.0019321874999999843,-2.0665155017298216,-0.000000000009999999977226472
0.0019351874999999842,-1.9803320554271568,-0.000000000009999999977116713
0.0019381874999999842,-1.8934450065747757,-0.000000000009999999977011498
0.0019411874999999842,-1.8058852257274283,-0.000000000009999999976910928
0.0019441874999999841,-1.7176838224583073,-0.000000000009999999976815002
0.001947187499999984,-1.6288721343060297,-0.000000000009999999976723822
0.001950187499999984,-1.5394817156404916,-0.000000000009999999976637288
0.001953187499999984,-1.4495443264518189,-0.000000000009999999976555599
0.001956187499999984,-1.3590919210661256,-0.000000000009999999976478556
0.001959187499999984,-1.2681566367923627,-0.000000000009999999976406359
0.001962187499999984,-1.1767707825040163,-0.00000000000999999997633896
0.001965187499999984,-1.084966827159988,-0.000000000009999999976276506
0.001968187499999984,-0.9927773882684585,-0.000000000009999999976218901
0.001971187499999984,-0.900235220298104,-0.000000000009999999976166192
0.0019741874999999838,-0.8073732030405625,-0.00000000000999999997611838
0.0019771874999999837,-0.7142243299283748,-0.000000000009999999976075467
0.0019801874999999837,-0.6208216963126357,-0.000000000009999999976037551
0.0019831874999999837,-0.5271984877043039,-0.000000000009999999976004584
0.0019861874999999836,-0.43338796798361723,-0.000000000009999999975976589
0.0019891874999999836,-0.3394234675815251,-0.000000000009999999975953567
0.0019921874999999836,-0.24533837163761507,-0.00000000000999999997593553
0.0019951874999999835,-0.15116610813846093,-0.00000000000999999997592251
0.0019981874999999835,-0.056940136040889336,-0.000000000008893634734113716
0.0020011874999999834,0.03730606661589929,0.0000000000323076629450254
0.0020041874999999834,0.13153901460484763,0.0000000016070258144080855
0.0020071874999999834,0.22572522740825435,0.00000006168204143235443
0.0020101874999999833,0.3198312411131713,0.0000023461483936615344
0.0020131874999999833,0.4138236203010438,0.0000885458763401803
0.0020161874999999833,0.5076689699270933,0.0029811714906398607
0.0020191874999999832,0.6013339471854446,0.03382502496250084
0.002022187499999983,0.6947852733556924,0.09939674841172716
0.002025187499999983,0.7879897456266103,0.17759073988550456
0.002028187499999983,0.8809142488930217,0.26059647457740226
0.002031187499999983,0.97352576752137,0.34588504656792873
0.002034187499999983,1.0657913970800845,0.43237796045253324
0.002037187499999983,1.1576783560302994,0.5195127947350192
0.002040187499999983,1.2491539973730474,0.6069662313833628
0.002043187499999983,1.3401858202485144,0.6945139640784314
0.002046187499999983,1.4307414814835087,0.7820014130918841
0.002049187499999983,1.5207888070827678,0.8693113835654566
0.002052187499999983,1.6102958036602941,0.9563504782666022
0.002055187499999983,1.6992306698063933,1.0430411563039532
0.0020581874999999828,1.7875618073865895,1.1293168628130295
0.0020611874999999827,1.875257832768316,1.2151189147544414
0.0020641874999999827,1.9622875879713133,1.3003944383335033
0.0020671874999999827,2.048620151737977,1.3850949614955952
0.0020701874999999826,2.1342248505194656,1.469175428579445
0.0020731874999999826,2.2190712693739374,1.552593495170951
0.0020761874999999826,2.303129262772762,1.6353090137988509
0.0020791874999999825,2.3863689653111524,1.7172836526032522
0.0020821874999999825,2.4687608023191383,1.7984806085451441
0.0020851874999999825,2.5502755003693633,1.8788643890551167
0.0020881874999999824,2.630884097677738,1.9584006440326664
0.0020911874999999824,2.71055795439348,2.037056035431624
0.0020941874999999823,2.78926876277466,2.1147981352741705
0.0020971874999999823,2.8669885572458664,2.1915953454250814
0.0021001874999999823,2.9436897243341873,2.2674168342026664
0.0021031874999999822,3.019345012480171,2.3422324861457495
0.002106187499999982,3.093927541720196,2.4160128621525407
0.002109187499999982,3.167410813236742,2.4887291678628034
0.002112187499999982,3.2397687187733517,2.56035322863988
0.002115187499999982,3.310975549910715,2.630857469871285
0.002118187499999982,3.3810060072008037,2.7002149015809724
0.002121187499999982,3.4498352091555864,2.768399106554787
0.002124187499999982,3.51743870108736,2.8353842313417887
0.002127187499999982,3.58379246379733,2.9011449796183792
0.002130187499999982,3.64887292210957,2.9656566075000836
0.002133187499999982,3.7126569532471176,3.0288949204622226
0.002136187499999982,3.775121895047437,3.0908362715920203
0.002139187499999982,3.8362455540141283,3.1514575609429247
0.0021421874999999818,3.8960062132022206,3.2107362358013907
0.0021451874999999817,3.954382639934055,3.268650291707536
0.0021481874999999817,4.011354093343175,3.3251782740971176
0.0021511874999999817,4.066900331743472,3.380299280452982
0.0021541874999999816,4.121001619820921,3.433992962871404
0.0021571874999999816,4.173638735645488,3.4862395309631036
0.0021601874999999816,4.224792977500549,3.5370197550202342
0.0021631874999999815,4.274446170527559,3.586314969390736
0.0021661874999999815,4.322580673183457,3.6341070760093883
0.0021691874999999815,4.369179383508654,3.680378548042071
0.0021721874999999814,4.414225745203249,3.7251124336052697
0.0021751874999999814,4.457703753509436,3.7682923595280773
0.0021781874999999814,4.499597960897879,3.809902535127872
0.0021811874999999813,4.539893482556185,3.849927755974683
0.0021841874999999813,4.578576001677375,3.888353407622067
0.0021871874999999812,4.615631774546602,3.9251654692852145
0.002190187499999981,4.651047635424208,3.9603505174490397
0.002193187499999981,4.684811001223456,3.993895729391182
0.002196187499999981,4.716909875981254,4.025788886606455
0.002199187499999981,4.747332855120235,4.056018378120774
0.002202187499999981,4.776069129500781,4.084573203684012
0.002205187499999981,4.8031084892614295,4.111442976832243
0.002208187499999981,4.828441327446415,4.136617927811016
0.002211187499999981,4.852058643418948,4.160088906352059
0.002214187499999981,4.873952046059127,4.181847384296776
0.002217187499999981,4.894113756745237,4.201885458060468
0.002220187499999981,4.912536612117478,4.2201958509320345
0.002223187499999981,4.929214066623055,4.236771915204333
0.002226187499999981,4.944140194841796,4.251607634131072
0.0022291874999999808,4.957309693591416,4.2646976237064855
0.0022321874999999807,4.968717883811719,4.276037134264564
0.0022351874999999807,4.97836071222704,4.2856220518950074
0.0022381874999999806,4.986234752786359,4.293448899673479
0.0022411874999999806,4.992337207880558,4.299514838704091
0.0022441874999999806,4.9966659093364,4.303817668972405
0.0022471874999999805,4.999219319186869,4.306355830007594
0.0022501874999999805,4.999996530217604,4.3071284013527
0.0022531874999999805,4.998997266289227,4.306135102842228
0.0022561874999999804,4.996221882435453,4.303376294686693
0.0022591874999999804,4.991671364736948,4.298852977363927
0.0022621874999999804,4.9853473299709865,4.292566791317373
0.0022651874999999803,4.977252025037005,4.284520016461785
0.0022681874999999803,4.967388326158301,4.274715571497166
0.0022711874999999803,4.955759737860118,4.263157013031976
0.0022741874999999802,4.94237039172451,4.249848534517093
0.00227718749999998,4.927225044922401,4.234794964992214
0.00228018749999998,4.910329078523394,4.218001767646866
0.00228318749999998,4.8916884955839,4.199475038198445
0.00228618749999998,4.871309919014276,4.179221503090201
0.00228918749999998,4.849200589225746,4.157248517512468
0.00229218749999998,4.825368361557903,4.133564063250866
0.00229518749999998,4.79982170348776,4.108176746365799
0.00229818749999998,4.772569691621285,4.081095794707988
0.00230118749999998,4.743622008468533,4.052331055275508
0.00230418749999998,4.712988939003485,4.02189299141836
0.00230718749999998,4.680681367009864,3.989792679897419
0.00231018749999998,4.64671077121416,3.956041807805351
0.0023131874999999798,4.611089221207307,3.9206526693581214
0.0023161874999999797,4.573829373156403,3.883638162566614
0.0023191874999999797,4.5349444653080475,3.8450117857992034
0.0023221874999999796,4.494448313284837,3.8047876342473415
0.0023251874999999796,4.452355305176764,3.762980396307849
0.0023281874999999796,4.40868039642918,3.7196053498972454
0.0023311874999999795,4.363439104529193,3.6746783587155494
0.0023341874999999795,4.3166475034924,3.6282158684792725
0.0023371874999999795,4.26832221815184,3.5802349031459726
0.0023401874999999794,4.2184804182512945,3.5307530611559623
0.0023431874999999794,4.167139812344932,3.479788511720265
0.0023461874999999794,4.114318641505577,3.427359991188394
0.0023491874999999793,4.0600356728437035,3.3734867995343136
0.0023521874999999793,4.004310192839612,3.3181887970051536
0.0023551874999999793,3.9471620004909957,3.2614864009840145
0.0023581874999999792,3.888611400278488,3.203400583126899
0.002361187499999979,3.8286791949515386,3.143952866843509
0.002364187499999979,3.7673866781373357,3.083165325204065
0.002367187499999979,3.704755626775241,3.021060579368484
0.002370187499999979,3.6408082933795844,2.9576617976522526
0.002373187499999979,3.5755673981334346,2.8929926953645086
0.002376187499999979,3.509056120816208,2.827077535580384
0.002379187499999979,3.4412980925680463,2.7599411310420376
0.002382187499999979,3.3723173874937364,2.6916088474227955
0.002385187499999979,3.3021385141093433,2.6221066082390903
0.002388187499999979,3.2307864066344028,2.5514609017572534
0.002391187499999979,3.158286416132963,2.479698790321658
0.002394187499999979,3.0846643015064172,2.40684792263081
0.0023971874999999788,3.009946220341547,2.3329365496171124
0.0024001874999999787,2.9341587196167964,2.257993544751528
0.0024031874999999787,2.857328726270316,2.1820484298108775
0.0024061874999999787,2.7794835376328924,2.1051314074285856
0.0024091874999999786,2.7006508117293944,2.027273402126
0.0024121874999999786,2.6208585574519487,1.948506112024254
0.0024151874999999785,2.540135124608568,1.8688620741185407
0.0024181874999999785,2.4585091938505745,1.7883747469299258
0.0024211874999999785,2.37600976648248,1.7070786156459101
0.0024241874999999784,2.292666154158013,1.62500932668465
0.0024271874999999784,2.2085079684657662,1.542203861223425
0.0024301874999999784,2.123565110408403,1.4587007610183969
0.0024331874999999783,2.0378677597789094,1.3745404254439582
0.0024361874999999783,1.9514463644379223,1.2897655071370575
0.0024391874999999783,1.8643316294956844,1.2044214466854337
0.0024421874999999782,1.7765545064027302,1.1185572074571113
0.002445187499999978,1.6881461819529167,1.032226305282947
0.002448187499999978,1.599138067202971,0.9454882841534926
0.002451187499999978,1.5095617863122244,0.8584108873464299
0.002454187499999978,1.4194491653067658,0.771073351624668
0.002457187499999978,1.3288322207717405,0.6835715912795808
0.002460187499999978,1.237743148476066,0.5960267215098601
0.002463187499999978,1.1462143119334067,0.5085998404994386
0.002466187499999978,1.0542782309035434,0.42151942274592663
0.002469187499999978,0.9619675698383194,0.3351428598844664
0.002472187499999978,0.869315126276045,0.2500644360174424
0.002475187499999978,0.77635381918876,0.16747209501738644
0.002478187499999978,0.6831166772862091,0.09023063923026156
0.0024811874999999778,0.5896368272809676,0.027490815116763944
0.0024841874999999777,0.49594748211860984,0.001970337712739072
0.0024871874999999777,0.4020819291773765,0.00005630550844581354
0.0024901874999999777,0.3080735184412583,0.0000014891581552052194
0.0024931874999999776,0.21395565065097516,0.00000003912834849693424
0.0024961874999999776,0.11976176543678194,0.0000000010155600825024229
0.0024991874999999776,0.025525329437597683,0.0000000000168290078968859
0.0025021874999999775,-0.06872017558960276,-0.000000000009298389909572081
0.0025051874999999775,-0.16294126466563544,-0.000000000009999999990716934
0.0025081874999999774,-0.2571044614861876,-0.000000000010000000004076129
0.0025111874999999774,-0.35117631031581586,-0.000000000010000000004062485
0.0025141874999999774,-0.44512338787454747,-0.000000000010000000004043856
0.0025171874999999773,-0.5389123152130837,-0.000000000010000000004020202
0.0025201874999999773,-0.6325097695721105,-0.000000000010000000003991601
0.0025231874999999773,-0.7258824962217869,-0.000000000010000000003957976
0.0025261874999999772,-0.8189973202769223,-0.000000000010000000003919404
0.002529187499999977,-0.9118211584839243,-0.000000000010000000003875935
0.002532187499999977,-1.0043210309750523,-0.000000000010000000003827467
0.002535187499999977,-1.0964640729860768,-0.000000000010000000003774203
0.002538187499999977,-1.188217546532904,-0.000000000010000000003715992
0.002541187499999977,-1.2795488520432943,-0.000000000010000000003652732
0.002544187499999977,-1.3704255399392768,-0.000000000010000000003584776
0.002547187499999977,-1.4608153221663618,-0.000000000010000000003511974
0.002550187499999977,-1.550686083665317,-0.000000000010000000003434324
0.002553187499999977,-1.6400058937825208,-0.000000000010000000003352131
0.002556187499999977,-1.7287430176147454,-0.00000000001000000000326489
0.002559187499999977,-1.816865927284442,-0.000000000010000000003173205
0.002562187499999977,-1.9043433131413792,-0.000000000010000000003076573
0.0025651874999999768,-1.991144094886913,-0.000000000010000000002975599
0.0025681874999999767,-2.0772374326166014,-0.000000000010000000002869676
0.0025711874999999767,-2.162592737777508,-0.000000000010000000002759413
0.0025741874999999767,-2.247179684036107,-0.000000000010000000002644504
0.0025771874999999766,-2.330968218053179,-0.000000000010000000002525152
0.0025801874999999766,-2.4139285701615574,-0.000000000010000000002401358
0.0025831874999999766,-2.496031264943179,-0.000000000010000000002273323
0.0025861874999999765,-2.5772471317014976,-0.000000000010000000002140643
0.0025891874999999765,-2.6575473148257895,-0.000000000010000000002003722
0.0025921874999999765,-2.736903284043364,-0.00000000001000000000186256
0.0025951874999999764,-2.8152868445561907,-0.000000000010000000001717359
0.0025981874999999764,-2.8926701470584675,-0.000000000010000000001567715
0.0026011874999999763,-2.9690256976312845,-0.000000000010000000001414234
0.0026041874999999763,-3.0443263675111143,-0.000000000010000000001256513
0.0026071874999999763,-3.118545402728472,-0.000000000010000000001094752
0.0026101874999999762,-3.191656433613563,-0.000000000010000000000929154
0.002613187499999976,-3.263633484165239,-0.000000000010000000000759518
0.002616187499999976,-3.3344509812801815,-0.000000000010000000000586044
0.002619187499999976,-3.404083763838843,-0.000000000010000000000409137
0.002622187499999976,-3.4725070916451592,-0.000000000010000000000228393
0.002625187499999976,-3.539696654216567,-0.000000000010000000000044014
0.002628187499999976,-3.605628579421427,-0.000000000009999999999855799
0.002631187499999976,-3.670279441960633,-0.000000000009999999999664351
0.002634187499999976,-3.733626271690578,-0.00000000000999999999946927
0.002637187499999976,-3.795646561784306,-0.000000000009999999999271158
0.002640187499999976,-3.8563182767280395,-0.000000000009999999999069412
0.002643187499999976,-3.915619860150366,-0.000000000009999999998864636
0.002646187499999976,-3.9735302424810675,-0.000000000009999999998656831
0.0026491874999999758,-4.030028848437059,-0.000000000009999999998445795
0.0026521874999999757,-4.085095604332649,-0.00000000000999999999823173
0.0026551874999999757,-4.138710945211685,-0.000000000009999999998014635
0.0026581874999999757,-4.190855821798846,-0.000000000009999999997794713
0.0026611874999999756,-4.2415117072677875,-0.000000000009999999997572166
0.0026641874999999756,-4.290660603823586,-0.000000000009999999997346994
0.0026671874999999756,-4.338285049097332,-0.000000000009999999997119398
0.0026701874999999755,-4.384368122350391,-0.000000000009999999996888975
0.0026731874999999755,-4.428893450486274,-0.000000000009999999996655926
0.0026761874999999755,-4.471845213867889,-0.000000000009999999996420656
0.0026791874999999754,-4.513208151938236,-0.000000000009999999996183367
0.0026821874999999754,-4.55296756864238,-0.000000000009999999995943654
0.0026851874999999754,-4.59110933764887,-0.00000000000999999999570172
0.0026881874999999753,-4.627619907368803,-0.000000000009999999995457565
0.0026911874999999753,-4.6624863057706065,-0.000000000009999999995211995
0.0026941874999999752,-4.695696144988954,-0.000000000009999999994964609
0.002697187499999975,-4.727237625726093,-0.000000000009999999994714798
0.002700187499999975,-4.757099541444111,-0.00000000000999999999446418
0.002703187499999975,-4.785271282346545,-0.000000000009999999994211341
0.002706187499999975,-4.8117428391480015,-0.000000000009999999993956886
0.002709187499999975,-4.8365048066303835,-0.000000000009999999993701623
0.002712187499999975,-4.859548386984559,-0.000000000009999999993444745
0.002715187499999975,-4.880865392936153,-0.000000000009999999993186655
0.002718187499999975,-4.900448250654456,-0.000000000009999999992927757
0.002721187499999975,-4.918290002443361,-0.000000000009999999992667647
0.002724187499999975,-4.934384309213416,-0.000000000009999999992405922
0.002727187499999975,-4.948725452734065,-0.000000000009999999992143793
0.002730187499999975,-4.961308337665294,-0.00000000000999999999188126
0.002733187499999975,-4.972128493368006,-0.000000000009999999991617516
0.0027361874999999748,-4.981182075492401,-0.000000000009999999991353367
0.0027391874999999747,-4.988465867343861,-0.000000000009999999991089219
0.0027421874999999747,-4.993977281025822,-0.000000000009999999990824263
0.0027451874999999746,-4.997714358359247,-0.000000000009999999990558902
0.0027481874999999746,-4.999675771578354,-0.000000000009999999990293138
0.0027511874999999746,-4.999860823802366,-0.000000000009999999990027778
0.0027541874999999745,-4.998269449283107,-0.000000000009999999989762014
0.0027571874999999745,-4.994902213428369,-0.000000000009999999989496654
0.0027601874999999745,-4.989760312601016,-0.000000000009999999989231294
0.0027631874999999744,-4.982845573693927,-0.000000000009999999988966741
0.0027661874999999744,-4.9741604534809145,-0.000000000009999999988701785
0.0027691874999999744,-4.963708037743831,-0.000000000009999999988437636
0.0027721874999999743,-4.951492040176217,-0.000000000009999999988173892
0.0027751874999999743,-4.937516801063844,-0.000000000009999999987910955
0.0027781874999999743,-4.9217872857426235,-0.00000000000999999998764923
0.0027811874999999742,-4.904309082834449,-0.000000000009999999987387505
0.002784187499999974,-4.8850884022615855,-0.000000000009999999987126991
0.002787187499999974,-4.864132073040329,-0.000000000009999999986867286
0.002790187499999974,-4.841447540854659,-0.000000000009999999986608792
0.002793187499999974,-4.817042865410849,-0.000000000009999999986351913
0.002796187499999974,-4.7909267175738695,-0.000000000009999999986095843
0.002799187499999974,-4.763108376286705,-0.000000000009999999985841388
0.002802187499999974,-4.733597725273549,-0.000000000009999999985588952
0.002805187499999974,-4.702405249528187,-0.000000000009999999985337325
0.002808187499999974,-4.66954203158872,-0.00000000000999999998508711
0.002811187499999974,-4.635019747600011,-0.00000000000999999998483932
0.002814187499999974,-4.598850663165173,-0.000000000009999999984593145
0.002817187499999974,-4.5610476289876765,-0.00000000000999999998434899
0.0028201874999999738,-4.5216240763055735,-0.00000000000999999998410645
0.0028231874999999737,-4.480594012119406,-0.000000000009999999983866333
0.0028261874999999737,-4.43797201421561,-0.000000000009999999983628437
0.0028291874999999737,-4.393773225987083,-0.000000000009999999983392966
0.0028321874999999736,-4.34801335105284,-0.000000000009999999983159311
0.0028351874999999736,-4.300708647678547,-0.000000000009999999982928686
0.0028381874999999735,-4.251875923000067,-0.000000000009999999982700283
0.0028411874999999735,-4.201532527051944,-0.000000000009999999982474302
0.0028441874999999735,-4.149696346603061,-0.00000000000999999998225115
0.0028471874999999734,-4.0963857988015,-0.000000000009999999982030622
0.0028501874999999734,-4.0416198246310495,-0.000000000009999999981813325
0.0028531874999999734,-3.9854178821815465,-0.000000000009999999981598452
0.0028561874999999733,-3.9277999397355527,-0.00000000000999999998138681
0.0028591874999999733,-3.8687864686736537,-0.000000000009999999981178198
0.0028621874999999733,-3.8083984362011076,-0.000000000009999999980972816
0.0028651874999999732,-3.7466572978983286,-0.000000000009999999980770464
0.002868187499999973,-3.683584990097758,-0.000000000009999999980571545
0.002871187499999973,-3.6192039220900303,-0.000000000009999999980375655
0.002874187499999973,-3.553536968162038,-0.000000000009999999980183602
0.002877187499999973,-3.486607459469856,-0.000000000009999999979994982
0.002880187499999973,-3.418439175749217,-0.000000000009999999979809593
0.002883187499999973,-3.349056336866737,-0.000000000009999999979628244
0.002886187499999973,-3.278483594214681,-0.000000000009999999979450327
0.002889187499999973,-3.206746021952501,-0.000000000009999999979276248
0.002892187499999973,-3.1338691080980214,-0.000000000009999999979106005
0.002895187499999973,-3.059878745471721,-0.000000000009999999978939398
0.002898187499999973,-2.9848012224971154,-0.000000000009999999978777031
0.002901187499999973,-2.908663213860654,-0.0000000000099999999786183
0.0029041874999999728,-2.831491771034251,-0.000000000009999999978464011
0.0029071874999999727,-2.7533143126640667,-0.00000000000999999997831356
0.0029101874999999727,-2.6741586148288388,-0.000000000009999999978167349
0.0029131874999999727,-2.5940528011710846,-0.000000000009999999978025177
0.0029161874999999726,-2.513025332904962,-0.000000000009999999977887449
0.0029191874999999726,-2.4311049987041105,-0.000000000009999999977753759
0.0029221874999999726,-2.348320904473228,-0.000000000009999999977624816
0.0029251874999999725,-2.2647024630067936,-0.000000000009999999977500213
0.0029281874999999725,-2.1802793835389007,-0.00000000000999999997737975
0.0029311874999999724,-2.095081661187678,-0.000000000009999999977264136
0.0029341874999999724,-2.0091395662982303,-0.000000000009999999977152862
0.0029371874999999724,-1.9224836336876319,-0.00000000000999999997704593
0.0029401874999999723,-1.835144651796117,-0.000000000009999999976943946
0.0029431874999999723,-1.7471536517480604,-0.000000000009999999976846506
0.0029461874999999723,-1.6585418963268326,-0.00000000000999999997675371
0.0029491874999999722,-1.5693408688671828,-0.000000000009999999976665661
0.002952187499999972,-1.4795822620694095,-0.000000000009999999976582256
0.002955187499999972,-1.389297966739145,-0.000000000009999999976503698
0.002958187499999972,-1.298520060456605,-0.000000000009999999976429887
0.002961187499999972,-1.207280796179641,-0.00000000000999999997636092
0.002964187499999972,-1.115612590784387,-0.000000000009999999976296853
0.002967187499999972,-1.023548013547766,-0.000000000009999999976237632
0.002970187499999972,-0.9311197745756759,-0.000000000009999999976183206
0.002973187499999972,-0.8383607131813158,-0.00000000000999999997613378
0.002976187499999972,-0.7453037862174984,-0.00000000000999999997608925
0.002979187499999972,-0.6519820563673074,-0.000000000009999999976049668
0.002982187499999972,-0.5584286803969787,-0.000000000009999999976015009
0.002985187499999972,-0.4646768973755289,-0.000000000009999999975985373
0.0029881874999999718,-0.3707600168650379,-0.000000000009999999975960685
0.0029911874999999717,-0.27671140708598996,-0.000000000009999999975940996
0.0029941874999999717,-0.18256448306159842,-0.00000000000999999997592629
0.0029971874999999717,-0.08835269474565965,-0.000000000009999999975916604
0.003,-3.673940397442059e-15,-1.4202573536303665e-24
